ingredient,form,tier,bioavailability_note,use_case,source
Magnesium,Bisglycinate,Superior,~80% bioavailability; well tolerated,sleep;general,Coudray et al. 2005 Magnesium Research
Magnesium,Glycinate,Superior,High bioavailability; calming/GABA-adjacent,sleep,Abbasi et al. 2012 J Res Med Sci
Magnesium,Citrate,Superior,Osmotic effect; good absorption,digestion,Walker et al. 2003 J Am Coll Nutr
Magnesium,L-Threonate,Superior,Crosses blood-brain barrier,brain,Slutsky et al. 2010 Neuron
Magnesium,Malate,Acceptable,Used in athletic/energy contexts,athletic,n/a - use case specific
Magnesium,Oxide,Reject,~4% bioavailability,none,Firoz & Graber 2001 Magnes Res
Magnesium,Carbonate,Reject,Low bioavailability,none,
Magnesium,Sulfate,Reject,Low oral bioavailability; laxative effect,none,
Vitamin D,Cholecalciferol (D3),Superior,Preferred form; raises serum 25(OH)D more effectively than D2,general;bone,NIH ODS Vitamin D Fact Sheet
Vitamin D,Ergocalciferol (D2),Acceptable,Less potent than D3 but usable,vegan,NIH ODS Vitamin D Fact Sheet
Omega-3,Triglyceride (natural/re-esterified TG),Superior,~124% relative bioavailability vs ethyl ester,brain;general,industry re-esterification studies
Omega-3,Ethyl Ester,Acceptable,~73% relative bioavailability,general,
Curcumin,BCM-95 / Meriva / + Bioperine,Superior,Piperine or lipid formulation needed for absorption,inflammation,multiple RCTs - see evidence file
Curcumin,Plain Curcumin (no piperine/lipid),Reject,Very poor oral bioavailability without an absorption enhancer,none,
Iron,Bisglycinate,Superior,Better GI tolerance than sulfate,anemia,
Iron,Sulfate,Acceptable,Standard form; higher GI side effects,anemia,
Zinc,Picolinate,Superior,High bioavailability,immunity,
Zinc,Oxide,Reject,Poor bioavailability,none,
Cordyceps,Standardised cultivated *C. militaris* fruiting‑body,Superior,They are absorbed better & have an authentic herbal profile,Medicinal fungus,science_research.xlsx (internal evidence file - needs_citation)
Cordyceps,Cs‑4 / *Samsoniella hepiali* mycelial extracts,Superior,They are absorbed better & have an authentic herbal profile,Medicinal fungus,science_research.xlsx (internal evidence file - needs_citation)
Cordyceps,the cultivated fruiting body,Acceptable,They are absorbed better & have an authentic herbal profile,Medicinal fungus,science_research.xlsx (internal evidence file - needs_citation)
Cordyceps,standardized mycelium extracts (like Cs‑4 from C. sinensis),Acceptable,They are absorbed better & have an authentic herbal profile,Medicinal fungus,science_research.xlsx (internal evidence file - needs_citation)
Cordyceps,"Mycelium‑on‑grain sold as “mushroom”, wild *C. sinensis* without arsenic testing",Reject,They are absorbed better & have an authentic herbal profile,Medicinal fungus,science_research.xlsx (internal evidence file - needs_citation)
Electrolytes,"physiologic potassium, modest magnesium/calcium, using permitted organic salts, appropriate carbohydrate",Superior,"Matching drink sodium (20–50 mmol/L) & potassium to sweat loss to improve retention, reduce dehydration risk.","Hydration and mineral balance (sodium, chloride, potassium, magnesium, calcium)",science_research.xlsx (internal evidence file - needs_citation)
Electrolytes,"sodium chloride (table salt), potassium chloride, magnesium sulfate (Epsom salt)",Acceptable,"Matching drink sodium (20–50 mmol/L) & potassium to sweat loss to improve retention, reduce dehydration risk.","Hydration and mineral balance (sodium, chloride, potassium, magnesium, calcium)",science_research.xlsx (internal evidence file - needs_citation)
Electrolytes,"magnesium oxide, and calcium carbonate",Acceptable,"Matching drink sodium (20–50 mmol/L) & potassium to sweat loss to improve retention, reduce dehydration risk.","Hydration and mineral balance (sodium, chloride, potassium, magnesium, calcium)",science_research.xlsx (internal evidence file - needs_citation)
Electrolytes,chloride,Acceptable,"Matching drink sodium (20–50 mmol/L) & potassium to sweat loss to improve retention, reduce dehydration risk.","Hydration and mineral balance (sodium, chloride, potassium, magnesium, calcium)",science_research.xlsx (internal evidence file - needs_citation)
Electrolytes,Low-sodium “electrolyte” waters with big performance claims,Reject,"Matching drink sodium (20–50 mmol/L) & potassium to sweat loss to improve retention, reduce dehydration risk.","Hydration and mineral balance (sodium, chloride, potassium, magnesium, calcium)",science_research.xlsx (internal evidence file - needs_citation)
Electrolytes,high-sugar drinks,Reject,"Matching drink sodium (20–50 mmol/L) & potassium to sweat loss to improve retention, reduce dehydration risk.","Hydration and mineral balance (sodium, chloride, potassium, magnesium, calcium)",science_research.xlsx (internal evidence file - needs_citation)
Electrolytes,hidden sodium/potassium,Reject,"Matching drink sodium (20–50 mmol/L) & potassium to sweat loss to improve retention, reduce dehydration risk.","Hydration and mineral balance (sodium, chloride, potassium, magnesium, calcium)",science_research.xlsx (internal evidence file - needs_citation)
Electrolytes,magnesium oxide,Reject,"Matching drink sodium (20–50 mmol/L) & potassium to sweat loss to improve retention, reduce dehydration risk.","Hydration and mineral balance (sodium, chloride, potassium, magnesium, calcium)",science_research.xlsx (internal evidence file - needs_citation)
Omega-3 (DHA),"GOED‑compliant peroxide/anisidine/TOTOX values, in triglyceride",Superior,"better taste/stability, and lower exposure to oxidation products and contaminants","fatty acid, brain and vision support",science_research.xlsx (internal evidence file - needs_citation)
Omega-3 (DHA),re‑esterified TG form,Superior,"better taste/stability, and lower exposure to oxidation products and contaminants","fatty acid, brain and vision support",science_research.xlsx (internal evidence file - needs_citation)
Omega-3 (DHA),Standard fish‑oil capsules,Acceptable,"better taste/stability, and lower exposure to oxidation products and contaminants","fatty acid, brain and vision support",science_research.xlsx (internal evidence file - needs_citation)
Omega-3 (DHA),liquids delivering ~250–500 mg EPA+DHA/day,Acceptable,"better taste/stability, and lower exposure to oxidation products and contaminants","fatty acid, brain and vision support",science_research.xlsx (internal evidence file - needs_citation)
Omega-3 (DHA),Low DHA capsules,Reject,"better taste/stability, and lower exposure to oxidation products and contaminants","fatty acid, brain and vision support",science_research.xlsx (internal evidence file - needs_citation)
Omega-3 (DHA),flavoured oils masking rancidity,Reject,"better taste/stability, and lower exposure to oxidation products and contaminants","fatty acid, brain and vision support",science_research.xlsx (internal evidence file - needs_citation)
Omega-3 (DHA),omega 3-6-9 low in DHA,Reject,"better taste/stability, and lower exposure to oxidation products and contaminants","fatty acid, brain and vision support",science_research.xlsx (internal evidence file - needs_citation)
Omega-3 (DHA),PV/AV/TOTOX above GOED limits,Reject,"better taste/stability, and lower exposure to oxidation products and contaminants","fatty acid, brain and vision support",science_research.xlsx (internal evidence file - needs_citation)
Saw Palmetto,Lipid‑rich extracts (especially hexane,Superior,Standardized lipid extracts ensure a consistent dose of the active fatty acids,Lipophilic herbal extract from Serenoa repens berries (Plant),science_research.xlsx (internal evidence file - needs_citation)
Saw Palmetto,CO₂ extracts) standardized to ~80–90% fatty acids and sterols,Superior,Standardized lipid extracts ensure a consistent dose of the active fatty acids,Lipophilic herbal extract from Serenoa repens berries (Plant),science_research.xlsx (internal evidence file - needs_citation)
Saw Palmetto,Lipid-rich (CO₂,Acceptable,Standardized lipid extracts ensure a consistent dose of the active fatty acids,Lipophilic herbal extract from Serenoa repens berries (Plant),science_research.xlsx (internal evidence file - needs_citation)
Saw Palmetto,"hexane) standardised extracts,",Acceptable,Standardized lipid extracts ensure a consistent dose of the active fatty acids,Lipophilic herbal extract from Serenoa repens berries (Plant),science_research.xlsx (internal evidence file - needs_citation)
Saw Palmetto,ethanol berry extracts as second-line options,Acceptable,Standardized lipid extracts ensure a consistent dose of the active fatty acids,Lipophilic herbal extract from Serenoa repens berries (Plant),science_research.xlsx (internal evidence file - needs_citation)
Saw Palmetto,Unstandardized berry powders,Reject,Standardized lipid extracts ensure a consistent dose of the active fatty acids,Lipophilic herbal extract from Serenoa repens berries (Plant),science_research.xlsx (internal evidence file - needs_citation)
Saw Palmetto,unknown blends,Reject,Standardized lipid extracts ensure a consistent dose of the active fatty acids,Lipophilic herbal extract from Serenoa repens berries (Plant),science_research.xlsx (internal evidence file - needs_citation)
Saw Palmetto,adulterated mixes,Reject,Standardized lipid extracts ensure a consistent dose of the active fatty acids,Lipophilic herbal extract from Serenoa repens berries (Plant),science_research.xlsx (internal evidence file - needs_citation)
Cacao Powder,Raw (non-alkalized) cocoa powder,Superior,preserve flavonoids like catechins and procyanidins,Food,science_research.xlsx (internal evidence file - needs_citation)
Cacao Powder,Alkalized (Dutch-processed) cocoa powder,Acceptable,preserve flavonoids like catechins and procyanidins,Food,science_research.xlsx (internal evidence file - needs_citation)
Cacao Powder,Cocoa powders and mixes loaded with sugar,Reject,preserve flavonoids like catechins and procyanidins,Food,science_research.xlsx (internal evidence file - needs_citation)
Cacao Powder,"additives, also white cocoa",Reject,preserve flavonoids like catechins and procyanidins,Food,science_research.xlsx (internal evidence file - needs_citation)
L-Arginine,Pharmaceutical-grade L-arginine (USP/EP purity ≥99%),Superior,Free-form L-arginine - raise blood plasma levels. Buffered forms (e.g. L-Arginine ascorbate) reduce acidity,Amino acid,science_research.xlsx (internal evidence file - needs_citation)
L-Arginine,L-arginine HCl is most stable,Superior,Free-form L-arginine - raise blood plasma levels. Buffered forms (e.g. L-Arginine ascorbate) reduce acidity,Amino acid,science_research.xlsx (internal evidence file - needs_citation)
L-Arginine,L-arginine ascorbate (buffered) may reduce GI acidity,Superior,Free-form L-arginine - raise blood plasma levels. Buffered forms (e.g. L-Arginine ascorbate) reduce acidity,Amino acid,science_research.xlsx (internal evidence file - needs_citation)
L-Arginine,Basic L‑arginine capsules,Acceptable,Free-form L-arginine - raise blood plasma levels. Buffered forms (e.g. L-Arginine ascorbate) reduce acidity,Amino acid,science_research.xlsx (internal evidence file - needs_citation)
L-Arginine,powders,Acceptable,Free-form L-arginine - raise blood plasma levels. Buffered forms (e.g. L-Arginine ascorbate) reduce acidity,Amino acid,science_research.xlsx (internal evidence file - needs_citation)
L-Arginine,Impure industrial-grade arginine,Reject,Free-form L-arginine - raise blood plasma levels. Buffered forms (e.g. L-Arginine ascorbate) reduce acidity,Amino acid,science_research.xlsx (internal evidence file - needs_citation)
L-Arginine,adulterated blends,Reject,Free-form L-arginine - raise blood plasma levels. Buffered forms (e.g. L-Arginine ascorbate) reduce acidity,Amino acid,science_research.xlsx (internal evidence file - needs_citation)
Vitamin C,Well‑dosed (≈200–500 mg) ascorbic acid,Superior,Mineral ascorbates are less acidic and may reduce stomach upset,Water‑soluble antioxidant vitamin,science_research.xlsx (internal evidence file - needs_citation)
Vitamin C,buffered/mineral ascorbates,Superior,Mineral ascorbates are less acidic and may reduce stomach upset,Water‑soluble antioxidant vitamin,science_research.xlsx (internal evidence file - needs_citation)
Vitamin C,Plain ascorbic acid powder,Acceptable,Mineral ascorbates are less acidic and may reduce stomach upset,Water‑soluble antioxidant vitamin,science_research.xlsx (internal evidence file - needs_citation)
Vitamin C,tablet,Acceptable,Mineral ascorbates are less acidic and may reduce stomach upset,Water‑soluble antioxidant vitamin,science_research.xlsx (internal evidence file - needs_citation)
Vitamin C,"Cheap chewables/candies, Dehydroascorbic acid alone (oxidized form) is not a substitute",Reject,Mineral ascorbates are less acidic and may reduce stomach upset,Water‑soluble antioxidant vitamin,science_research.xlsx (internal evidence file - needs_citation)
Vitamin D3,vitamin D3 in oil‑based softgels,Superior,oil‑based formulations improve absorption,Fat‑soluble vitamin / hormone‑like nutrient,science_research.xlsx (internal evidence file - needs_citation)
Vitamin D3,D3 tablets/capsules,Acceptable,oil‑based formulations improve absorption,Fat‑soluble vitamin / hormone‑like nutrient,science_research.xlsx (internal evidence file - needs_citation)
Vitamin D3,"D2 (ergocalciferol),unclear D2/D3 form, inaccurate",Reject,oil‑based formulations improve absorption,Fat‑soluble vitamin / hormone‑like nutrient,science_research.xlsx (internal evidence file - needs_citation)
Vitamin D3,missing IU/µg declaration,Reject,oil‑based formulations improve absorption,Fat‑soluble vitamin / hormone‑like nutrient,science_research.xlsx (internal evidence file - needs_citation)
Iron (Bisglycinate),Iron bisglycinate (amino-acid chelate),Superior,Bisglycinate has ~2× higher bioavailability and causes fewer GI side-effects than salts,Mineral - Chelated iron (iron(II) bound to two glycines),science_research.xlsx (internal evidence file - needs_citation)
Iron (Bisglycinate),"Ferrous sulfate, ferrous gluconate, ferrous fumarate (common salts)",Acceptable,Bisglycinate has ~2× higher bioavailability and causes fewer GI side-effects than salts,Mineral - Chelated iron (iron(II) bound to two glycines),science_research.xlsx (internal evidence file - needs_citation)
Iron (Bisglycinate),Non-chelated ferric compounds/elemental iron (very low absorption),Reject,Bisglycinate has ~2× higher bioavailability and causes fewer GI side-effects than salts,Mineral - Chelated iron (iron(II) bound to two glycines),science_research.xlsx (internal evidence file - needs_citation)
MCT Oil,Pure C8 (caprylic),Superior,C8/C10 are absorbed rapidly by the liver and converted to energy/ketones more readily than long-chain fats,Fatty acid (medium-chain triglyceride),science_research.xlsx (internal evidence file - needs_citation)
MCT Oil,C10 (capric) triglycerides,Superior,C8/C10 are absorbed rapidly by the liver and converted to energy/ketones more readily than long-chain fats,Fatty acid (medium-chain triglyceride),science_research.xlsx (internal evidence file - needs_citation)
MCT Oil,Blends of C8/C10 (common MCT oils),Acceptable,C8/C10 are absorbed rapidly by the liver and converted to energy/ketones more readily than long-chain fats,Fatty acid (medium-chain triglyceride),science_research.xlsx (internal evidence file - needs_citation)
MCT Oil,"Oils high in lauric acid (C12) – metabolized like LCTs, less “MCT”-like",Reject,C8/C10 are absorbed rapidly by the liver and converted to energy/ketones more readily than long-chain fats,Fatty acid (medium-chain triglyceride),science_research.xlsx (internal evidence file - needs_citation)
Lion's Mane,Dual-extracted fruiting body extracts (hot-water/alcohol) to capture polysaccharides and terpenoids,Superior,Contains unique hericenones and erinacines that stimulate nerve-growth factor and may support cognition,Medicinal mushroom (fungal herbal supplement),science_research.xlsx (internal evidence file - needs_citation)
Lion's Mane,Fruiting-body powders,Acceptable,Contains unique hericenones and erinacines that stimulate nerve-growth factor and may support cognition,Medicinal mushroom (fungal herbal supplement),science_research.xlsx (internal evidence file - needs_citation)
Lion's Mane,standard extracts,Acceptable,Contains unique hericenones and erinacines that stimulate nerve-growth factor and may support cognition,Medicinal mushroom (fungal herbal supplement),science_research.xlsx (internal evidence file - needs_citation)
Lion's Mane,mycelium is less potent,Acceptable,Contains unique hericenones and erinacines that stimulate nerve-growth factor and may support cognition,Medicinal mushroom (fungal herbal supplement),science_research.xlsx (internal evidence file - needs_citation)
Lion's Mane,"Mycelium on grain (“solid matrix”),",Reject,Contains unique hericenones and erinacines that stimulate nerve-growth factor and may support cognition,Medicinal mushroom (fungal herbal supplement),science_research.xlsx (internal evidence file - needs_citation)
Lion's Mane,extracts low in bioactive compounds,Reject,Contains unique hericenones and erinacines that stimulate nerve-growth factor and may support cognition,Medicinal mushroom (fungal herbal supplement),science_research.xlsx (internal evidence file - needs_citation)
B-Complex,Bioactive coenzyme/methylated forms are preferred (e.g. methylcobalamin vs cyanocobalamin for B₁₂,Superior,Active forms require less metabolic conversion improving efficacy,"B-complex is a collection of eight water-soluble B vitamins (B₁, B₂, B₃, B₅, B₆, B₇, B₉, B₁₂) essential for metabolism",science_research.xlsx (internal evidence file - needs_citation)
B-Complex,pyridoxal‑5′-phosphate vs pyridoxine for B₆,Superior,Active forms require less metabolic conversion improving efficacy,"B-complex is a collection of eight water-soluble B vitamins (B₁, B₂, B₃, B₅, B₆, B₇, B₉, B₁₂) essential for metabolism",science_research.xlsx (internal evidence file - needs_citation)
B-Complex,"5‑MTHF vs folic acid for B₉) NOTE: For B12, cyanocobalamin is equally effective and more stable for most uses",Superior,Active forms require less metabolic conversion improving efficacy,"B-complex is a collection of eight water-soluble B vitamins (B₁, B₂, B₃, B₅, B₆, B₇, B₉, B₁₂) essential for metabolism",science_research.xlsx (internal evidence file - needs_citation)
B-Complex,methylcobalamin/adenosylcobalamin preferred mainly for MTHFR polymorphisms,Superior,Active forms require less metabolic conversion improving efficacy,"B-complex is a collection of eight water-soluble B vitamins (B₁, B₂, B₃, B₅, B₆, B₇, B₉, B₁₂) essential for metabolism",science_research.xlsx (internal evidence file - needs_citation)
B-Complex,"thiamin mononitrate (B₁), riboflavin (B₂), niacinamide (B₃), pantothenic acid (B₅), pyridoxine HCl (B₆), folic acid",Acceptable,Active forms require less metabolic conversion improving efficacy,"B-complex is a collection of eight water-soluble B vitamins (B₁, B₂, B₃, B₅, B₆, B₇, B₉, B₁₂) essential for metabolism",science_research.xlsx (internal evidence file - needs_citation)
B-Complex,"calcium L‑methylfolate (B₉), cyanocobalamin (B₁₂), etc",Acceptable,Active forms require less metabolic conversion improving efficacy,"B-complex is a collection of eight water-soluble B vitamins (B₁, B₂, B₃, B₅, B₆, B₇, B₉, B₁₂) essential for metabolism",science_research.xlsx (internal evidence file - needs_citation)
B-Complex,Synthetic analogs may be less desirable (e.g. folic acid,Reject,Active forms require less metabolic conversion improving efficacy,"B-complex is a collection of eight water-soluble B vitamins (B₁, B₂, B₃, B₅, B₆, B₇, B₉, B₁₂) essential for metabolism",science_research.xlsx (internal evidence file - needs_citation)
B-Complex,cyanocobalamin instead of active forms),Reject,Active forms require less metabolic conversion improving efficacy,"B-complex is a collection of eight water-soluble B vitamins (B₁, B₂, B₃, B₅, B₆, B₇, B₉, B₁₂) essential for metabolism",science_research.xlsx (internal evidence file - needs_citation)
Resveratrol,Trans-isomer is the biologically active form,Superior,Trans-resveratrol has greater bioactivity and is more stable; glycosylated or formulated forms that improve absorption (versus raw cis form) are superior,"Plant-derived stilbenoid (a polyphenolic phytoalexin) found in grapes, berries and peanuts",science_research.xlsx (internal evidence file - needs_citation)
Resveratrol,"Standard supplements contain trans-resveratrol (often as trans-3,5,4′-trihydroxystilbene) either alone",Acceptable,Trans-resveratrol has greater bioactivity and is more stable; glycosylated or formulated forms that improve absorption (versus raw cis form) are superior,"Plant-derived stilbenoid (a polyphenolic phytoalexin) found in grapes, berries and peanuts",science_research.xlsx (internal evidence file - needs_citation)
Resveratrol,with equivalent cis content,Acceptable,Trans-resveratrol has greater bioactivity and is more stable; glycosylated or formulated forms that improve absorption (versus raw cis form) are superior,"Plant-derived stilbenoid (a polyphenolic phytoalexin) found in grapes, berries and peanuts",science_research.xlsx (internal evidence file - needs_citation)
Resveratrol,"Products with unspecified cis/trans ratio, unclear source, very low dose per capsule",Reject,Trans-resveratrol has greater bioactivity and is more stable; glycosylated or formulated forms that improve absorption (versus raw cis form) are superior,"Plant-derived stilbenoid (a polyphenolic phytoalexin) found in grapes, berries and peanuts",science_research.xlsx (internal evidence file - needs_citation)
Reishi Mushroom,Concentrated extracts (hot-water,Superior,"Extracts concentrate reishi’s active compounds (beta-glucans, ganoderic acids, etc.), providing stronger immune and stress-response support",Functional medicinal mushroom (immunomodulatory / adaptogenic),science_research.xlsx (internal evidence file - needs_citation)
Reishi Mushroom,dual extracts),Superior,"Extracts concentrate reishi’s active compounds (beta-glucans, ganoderic acids, etc.), providing stronger immune and stress-response support",Functional medicinal mushroom (immunomodulatory / adaptogenic),science_research.xlsx (internal evidence file - needs_citation)
Reishi Mushroom,spore oil are considered most potent,Superior,"Extracts concentrate reishi’s active compounds (beta-glucans, ganoderic acids, etc.), providing stronger immune and stress-response support",Functional medicinal mushroom (immunomodulatory / adaptogenic),science_research.xlsx (internal evidence file - needs_citation)
Reishi Mushroom,Whole dried fruiting-body powder,Acceptable,"Extracts concentrate reishi’s active compounds (beta-glucans, ganoderic acids, etc.), providing stronger immune and stress-response support",Functional medicinal mushroom (immunomodulatory / adaptogenic),science_research.xlsx (internal evidence file - needs_citation)
Reishi Mushroom,water extracts (rich in β-glucan polysaccharides(20-30%) and triterpenes),Acceptable,"Extracts concentrate reishi’s active compounds (beta-glucans, ganoderic acids, etc.), providing stronger immune and stress-response support",Functional medicinal mushroom (immunomodulatory / adaptogenic),science_research.xlsx (internal evidence file - needs_citation)
Reishi Mushroom,"Mycelium grown on grain (molded into ""mushroom"" powders), products diluted with fillers",Reject,"Extracts concentrate reishi’s active compounds (beta-glucans, ganoderic acids, etc.), providing stronger immune and stress-response support",Functional medicinal mushroom (immunomodulatory / adaptogenic),science_research.xlsx (internal evidence file - needs_citation)
Psyllium Husk,100% pure psyllium husk with clearly stated grams of fibre per serving,Superior,"Psyllium lowers LDL, improves glycemic control, softens stools; only isolated fiber proven to cut LDL and BP in trials","natural plant fiber (soluble, gel-forming) derived from the husk of Plantago ovata seeds",science_research.xlsx (internal evidence file - needs_citation)
Psyllium Husk,Traditional powders,Acceptable,"Psyllium lowers LDL, improves glycemic control, softens stools; only isolated fiber proven to cut LDL and BP in trials","natural plant fiber (soluble, gel-forming) derived from the husk of Plantago ovata seeds",science_research.xlsx (internal evidence file - needs_citation)
Psyllium Husk,capsules providing ~5 g psyllium husk 1–2 times/day as constipation,Acceptable,"Psyllium lowers LDL, improves glycemic control, softens stools; only isolated fiber proven to cut LDL and BP in trials","natural plant fiber (soluble, gel-forming) derived from the husk of Plantago ovata seeds",science_research.xlsx (internal evidence file - needs_citation)
Psyllium Husk,cholesterol adjunct,Acceptable,"Psyllium lowers LDL, improves glycemic control, softens stools; only isolated fiber proven to cut LDL and BP in trials","natural plant fiber (soluble, gel-forming) derived from the husk of Plantago ovata seeds",science_research.xlsx (internal evidence file - needs_citation)
Psyllium Husk,"Products with very low psyllium per serving (<<3 g) but heavy claims,",Reject,"Psyllium lowers LDL, improves glycemic control, softens stools; only isolated fiber proven to cut LDL and BP in trials","natural plant fiber (soluble, gel-forming) derived from the husk of Plantago ovata seeds",science_research.xlsx (internal evidence file - needs_citation)
Psyllium Husk,fibre blends with sugar and artificial colours overshadowing fibre benefit,Reject,"Psyllium lowers LDL, improves glycemic control, softens stools; only isolated fiber proven to cut LDL and BP in trials","natural plant fiber (soluble, gel-forming) derived from the husk of Plantago ovata seeds",science_research.xlsx (internal evidence file - needs_citation)
Digestive Enzymes,Enteric-coated,Superior,Preparations with defined enzyme (e.g. DigeZyme 50 mg TID) give predictable symptom reduction and safety vs. vague “enzyme” blends.,"Blend of digestive enzymes (e.g. proteases, lipases, amylases) that hydrolyze food (carbohydrates, proteins, fats)",science_research.xlsx (internal evidence file - needs_citation)
Digestive Enzymes,microbial-derived enzyme blends (broad pH stability),Superior,Preparations with defined enzyme (e.g. DigeZyme 50 mg TID) give predictable symptom reduction and safety vs. vague “enzyme” blends.,"Blend of digestive enzymes (e.g. proteases, lipases, amylases) that hydrolyze food (carbohydrates, proteins, fats)",science_research.xlsx (internal evidence file - needs_citation)
Digestive Enzymes,Standard pancreatic enzyme extracts (porcine,Acceptable,Preparations with defined enzyme (e.g. DigeZyme 50 mg TID) give predictable symptom reduction and safety vs. vague “enzyme” blends.,"Blend of digestive enzymes (e.g. proteases, lipases, amylases) that hydrolyze food (carbohydrates, proteins, fats)",science_research.xlsx (internal evidence file - needs_citation)
Digestive Enzymes,"bovine pancreatin containing trypsin, amylase, lipase)",Acceptable,Preparations with defined enzyme (e.g. DigeZyme 50 mg TID) give predictable symptom reduction and safety vs. vague “enzyme” blends.,"Blend of digestive enzymes (e.g. proteases, lipases, amylases) that hydrolyze food (carbohydrates, proteins, fats)",science_research.xlsx (internal evidence file - needs_citation)
Digestive Enzymes,"Products with very low declared enzyme activity, no specific units (e.g. FCC/U.S. Pharmacopeia),",Reject,Preparations with defined enzyme (e.g. DigeZyme 50 mg TID) give predictable symptom reduction and safety vs. vague “enzyme” blends.,"Blend of digestive enzymes (e.g. proteases, lipases, amylases) that hydrolyze food (carbohydrates, proteins, fats)",science_research.xlsx (internal evidence file - needs_citation)
Digestive Enzymes,unclear source/standardisation,Reject,Preparations with defined enzyme (e.g. DigeZyme 50 mg TID) give predictable symptom reduction and safety vs. vague “enzyme” blends.,"Blend of digestive enzymes (e.g. proteases, lipases, amylases) that hydrolyze food (carbohydrates, proteins, fats)",science_research.xlsx (internal evidence file - needs_citation)
Hydrolyzed Collagen,Marine collagen peptides,Superior,Appropriately dosed peptides (2.5–10 g/day) show improvements in skin hydration/elasticity and modest OA pain relief in RCTs.,"Protein (collagen peptides rich in glycine, proline, hydroxyproline)",science_research.xlsx (internal evidence file - needs_citation)
Hydrolyzed Collagen,Bovine,Acceptable,Appropriately dosed peptides (2.5–10 g/day) show improvements in skin hydration/elasticity and modest OA pain relief in RCTs.,"Protein (collagen peptides rich in glycine, proline, hydroxyproline)",science_research.xlsx (internal evidence file - needs_citation)
Hydrolyzed Collagen,porcine hydrolyzed collagen (type I/II hydrolysate),Acceptable,Appropriately dosed peptides (2.5–10 g/day) show improvements in skin hydration/elasticity and modest OA pain relief in RCTs.,"Protein (collagen peptides rich in glycine, proline, hydroxyproline)",science_research.xlsx (internal evidence file - needs_citation)
Hydrolyzed Collagen,Non-hydrolyzed gelatin,Reject,Appropriately dosed peptides (2.5–10 g/day) show improvements in skin hydration/elasticity and modest OA pain relief in RCTs.,"Protein (collagen peptides rich in glycine, proline, hydroxyproline)",science_research.xlsx (internal evidence file - needs_citation)
Hydrolyzed Collagen,poorly hydrolyzed collagen (poorly absorbed),Reject,Appropriately dosed peptides (2.5–10 g/day) show improvements in skin hydration/elasticity and modest OA pain relief in RCTs.,"Protein (collagen peptides rich in glycine, proline, hydroxyproline)",science_research.xlsx (internal evidence file - needs_citation)
Hydrolyzed Collagen,uncharacterized multi-collagen blends without evidence,Reject,Appropriately dosed peptides (2.5–10 g/day) show improvements in skin hydration/elasticity and modest OA pain relief in RCTs.,"Protein (collagen peptides rich in glycine, proline, hydroxyproline)",science_research.xlsx (internal evidence file - needs_citation)
Glutathione,"Reduced (active) L-glutathione: Setria® GSH (fermented, clinically studied), liposomal GSH (phospholipid encapsulated),",Superior,Liposomal/acetylated forms can raise intracellular GSH levels significantly,Antioxidant tripeptide (γ-glutamyl-cysteinyl-glycine),science_research.xlsx (internal evidence file - needs_citation)
Glutathione,"S-acetyl-L-glutathione (acetylated, acid-stable). These are all superior to standard oral GSH capsules for raising intracellular levels",Superior,Liposomal/acetylated forms can raise intracellular GSH levels significantly,Antioxidant tripeptide (γ-glutamyl-cysteinyl-glycine),science_research.xlsx (internal evidence file - needs_citation)
Glutathione,Oral reduced glutathione (GSH) capsules/tablets 250–500 mg/day,Acceptable,Liposomal/acetylated forms can raise intracellular GSH levels significantly,Antioxidant tripeptide (γ-glutamyl-cysteinyl-glycine),science_research.xlsx (internal evidence file - needs_citation)
Glutathione,Unregulated IV glutathione for skin lightening,Reject,Liposomal/acetylated forms can raise intracellular GSH levels significantly,Antioxidant tripeptide (γ-glutamyl-cysteinyl-glycine),science_research.xlsx (internal evidence file - needs_citation)
Glutathione,oral doses <50 mg with exaggerated whitening/detox claims,Reject,Liposomal/acetylated forms can raise intracellular GSH levels significantly,Antioxidant tripeptide (γ-glutamyl-cysteinyl-glycine),science_research.xlsx (internal evidence file - needs_citation)
Vitamin C (Ester-C),Ester-C® (calcium ascorbate with vitamin C metabolites),Superior,Ester-C is non-acidic and better tolerated; studies report fewer GI side effects and longer leukocyte retention,"Water-soluble vitamin (ascorbic acid), here as calcium ascorbate (Ester-C®)",science_research.xlsx (internal evidence file - needs_citation)
Vitamin C (Ester-C),Ascorbic acid (pure vitamin C),Acceptable,Ester-C is non-acidic and better tolerated; studies report fewer GI side effects and longer leukocyte retention,"Water-soluble vitamin (ascorbic acid), here as calcium ascorbate (Ester-C®)",science_research.xlsx (internal evidence file - needs_citation)
Vitamin C (Ester-C),other mineral ascorbates,Acceptable,Ester-C is non-acidic and better tolerated; studies report fewer GI side effects and longer leukocyte retention,"Water-soluble vitamin (ascorbic acid), here as calcium ascorbate (Ester-C®)",science_research.xlsx (internal evidence file - needs_citation)
Vitamin C (Ester-C),Ascorbyl palmitate (fat-soluble ester) – does not substitute for vitamin C,Reject,Ester-C is non-acidic and better tolerated; studies report fewer GI side effects and longer leukocyte retention,"Water-soluble vitamin (ascorbic acid), here as calcium ascorbate (Ester-C®)",science_research.xlsx (internal evidence file - needs_citation)
Tremella Mushroom,Standardised fruiting‑body polysaccharide extracts,Superior,Fruiting-body extracts concentrate active polysaccharides (TFP) and avoid grain starch; these β-glucans drive the health effects,Functional/medicinal mushroom rich in polysaccharides,science_research.xlsx (internal evidence file - needs_citation)
Tremella Mushroom,Dried fruiting‑body powder,Acceptable,Fruiting-body extracts concentrate active polysaccharides (TFP) and avoid grain starch; these β-glucans drive the health effects,Functional/medicinal mushroom rich in polysaccharides,science_research.xlsx (internal evidence file - needs_citation)
Tremella Mushroom,generic Tremella polysaccharide extracts used at gram‑level doses based on traditional food use,Acceptable,Fruiting-body extracts concentrate active polysaccharides (TFP) and avoid grain starch; these β-glucans drive the health effects,Functional/medicinal mushroom rich in polysaccharides,science_research.xlsx (internal evidence file - needs_citation)
Tremella Mushroom,"Uncharacterised “mushroom complex” powders with tiny Tremella content,",Reject,Fruiting-body extracts concentrate active polysaccharides (TFP) and avoid grain starch; these β-glucans drive the health effects,Functional/medicinal mushroom rich in polysaccharides,science_research.xlsx (internal evidence file - needs_citation)
Tremella Mushroom,extracts with unknown polysaccharide profile and no safety data,Reject,Fruiting-body extracts concentrate active polysaccharides (TFP) and avoid grain starch; these β-glucans drive the health effects,Functional/medicinal mushroom rich in polysaccharides,science_research.xlsx (internal evidence file - needs_citation)
Pumpkin Seed Oil,"Virgin (unrefined, cold-pressed) PSO retains natural antioxidants (carotenoids, tocopherols, phytosterols)",Superior,High-phytosterol PSO used in RCTs; modest improvements in BPH symptoms and hair count,Cold-pressed vegetable seed oil rich in polyunsaturated fatty acids (omega-3/6) and phytosterols,science_research.xlsx (internal evidence file - needs_citation)
Pumpkin Seed Oil,Pure refined pumpkin seed oil (deodorized),Acceptable,High-phytosterol PSO used in RCTs; modest improvements in BPH symptoms and hair count,Cold-pressed vegetable seed oil rich in polyunsaturated fatty acids (omega-3/6) and phytosterols,science_research.xlsx (internal evidence file - needs_citation)
Pumpkin Seed Oil,Oils diluted/adulterated with cheaper oils (e.g. sunflower),Reject,High-phytosterol PSO used in RCTs; modest improvements in BPH symptoms and hair count,Cold-pressed vegetable seed oil rich in polyunsaturated fatty acids (omega-3/6) and phytosterols,science_research.xlsx (internal evidence file - needs_citation)
Pumpkin Seed Oil,synthetic additives. High-value PSO is often adulterated,Reject,High-phytosterol PSO used in RCTs; modest improvements in BPH symptoms and hair count,Cold-pressed vegetable seed oil rich in polyunsaturated fatty acids (omega-3/6) and phytosterols,science_research.xlsx (internal evidence file - needs_citation)
Turmeric (Curcumin),"curcumin with piperine, liposomal",Superior,Formulations reaching therapeutic plasma levels at 500–1000 mg/day show consistent OA pain relief with acceptable safety in RCTs.,Polyphenolic spice extract with anti‑inflammatory and antioxidant properties,science_research.xlsx (internal evidence file - needs_citation)
Turmeric (Curcumin),"nanoparticle forms, Organic, chemically-free extracts are superior",Superior,Formulations reaching therapeutic plasma levels at 500–1000 mg/day show consistent OA pain relief with acceptable safety in RCTs.,Polyphenolic spice extract with anti‑inflammatory and antioxidant properties,science_research.xlsx (internal evidence file - needs_citation)
Turmeric (Curcumin),95% curcuminoid extracts,Acceptable,Formulations reaching therapeutic plasma levels at 500–1000 mg/day show consistent OA pain relief with acceptable safety in RCTs.,Polyphenolic spice extract with anti‑inflammatory and antioxidant properties,science_research.xlsx (internal evidence file - needs_citation)
Turmeric (Curcumin),turmeric oleoresin,Acceptable,Formulations reaching therapeutic plasma levels at 500–1000 mg/day show consistent OA pain relief with acceptable safety in RCTs.,Polyphenolic spice extract with anti‑inflammatory and antioxidant properties,science_research.xlsx (internal evidence file - needs_citation)
Turmeric (Curcumin),Turmeric diluted with fillers,Reject,Formulations reaching therapeutic plasma levels at 500–1000 mg/day show consistent OA pain relief with acceptable safety in RCTs.,Polyphenolic spice extract with anti‑inflammatory and antioxidant properties,science_research.xlsx (internal evidence file - needs_citation)
Turmeric (Curcumin),cheap solvent extracts with residues,Reject,Formulations reaching therapeutic plasma levels at 500–1000 mg/day show consistent OA pain relief with acceptable safety in RCTs.,Polyphenolic spice extract with anti‑inflammatory and antioxidant properties,science_research.xlsx (internal evidence file - needs_citation)
Turmeric (Curcumin),risk of lead chromate adulteration for color,Reject,Formulations reaching therapeutic plasma levels at 500–1000 mg/day show consistent OA pain relief with acceptable safety in RCTs.,Polyphenolic spice extract with anti‑inflammatory and antioxidant properties,science_research.xlsx (internal evidence file - needs_citation)
Fish Oil (High EPA),Re-esterified triglyceride (rTG),Superior,"High-purity, low-oxidation oils preserve activity; TG form absorbs better; tested EPA levels + antioxidants help prevent rancidity",Marine omega-3 fatty acid oil from fish (often sardines/anchovies),science_research.xlsx (internal evidence file - needs_citation)
Fish Oil (High EPA),natural triglyceride form,Superior,"High-purity, low-oxidation oils preserve activity; TG form absorbs better; tested EPA levels + antioxidants help prevent rancidity",Marine omega-3 fatty acid oil from fish (often sardines/anchovies),science_research.xlsx (internal evidence file - needs_citation)
Fish Oil (High EPA),Standard fish‑oil capsules,Acceptable,"High-purity, low-oxidation oils preserve activity; TG form absorbs better; tested EPA levels + antioxidants help prevent rancidity",Marine omega-3 fatty acid oil from fish (often sardines/anchovies),science_research.xlsx (internal evidence file - needs_citation)
Fish Oil (High EPA),mixed EPA/DHA concentrates,Acceptable,"High-purity, low-oxidation oils preserve activity; TG form absorbs better; tested EPA levels + antioxidants help prevent rancidity",Marine omega-3 fatty acid oil from fish (often sardines/anchovies),science_research.xlsx (internal evidence file - needs_citation)
Fish Oil (High EPA),Low EPA capsules,Reject,"High-purity, low-oxidation oils preserve activity; TG form absorbs better; tested EPA levels + antioxidants help prevent rancidity",Marine omega-3 fatty acid oil from fish (often sardines/anchovies),science_research.xlsx (internal evidence file - needs_citation)
Fish Oil (High EPA),oxidised oils (high TOTOX),Reject,"High-purity, low-oxidation oils preserve activity; TG form absorbs better; tested EPA levels + antioxidants help prevent rancidity",Marine omega-3 fatty acid oil from fish (often sardines/anchovies),science_research.xlsx (internal evidence file - needs_citation)
Fish Oil (High EPA),mislabelled EPA/DHA content,Reject,"High-purity, low-oxidation oils preserve activity; TG form absorbs better; tested EPA levels + antioxidants help prevent rancidity",Marine omega-3 fatty acid oil from fish (often sardines/anchovies),science_research.xlsx (internal evidence file - needs_citation)
Spirulina,"Products using pure, lab‑cultivated Spirulina",Superior,Pure spirulina ensures high nutrient density (50–70% protein) and avoids hepatotoxic microcystins,"Freshwater cyanobacteria, a superfood algae.",science_research.xlsx (internal evidence file - needs_citation)
Spirulina,"Spirulina powders/tablets providing 1–4 g/day used in lipid, glucose and blood‑pressure RCTs",Acceptable,Pure spirulina ensures high nutrient density (50–70% protein) and avoids hepatotoxic microcystins,"Freshwater cyanobacteria, a superfood algae.",science_research.xlsx (internal evidence file - needs_citation)
Spirulina,"Contaminated spirulina (microcystins, heavy metals)",Reject,Pure spirulina ensures high nutrient density (50–70% protein) and avoids hepatotoxic microcystins,"Freshwater cyanobacteria, a superfood algae.",science_research.xlsx (internal evidence file - needs_citation)
Spirulina,fillers like maltodextrin,Reject,Pure spirulina ensures high nutrient density (50–70% protein) and avoids hepatotoxic microcystins,"Freshwater cyanobacteria, a superfood algae.",science_research.xlsx (internal evidence file - needs_citation)
Spirulina,low-nutrient hydrolysates,Reject,Pure spirulina ensures high nutrient density (50–70% protein) and avoids hepatotoxic microcystins,"Freshwater cyanobacteria, a superfood algae.",science_research.xlsx (internal evidence file - needs_citation)
Cod Liver Oil,Purified cod liver oil with adjusted/ standardised vitamin A and D levels,Superior,"Preserves natural vitamin A/D & omega-3; gentle processing (vacuum distillation) removes toxins, retains EPA/DHA","Animal‑derived oil (fish liver) rich in preformed vitamin A, vitamin D3, and long‑chain omega‑3 fatty acids.",science_research.xlsx (internal evidence file - needs_citation)
Cod Liver Oil,"Traditional cod liver oils providing around 5 ml/day with ~10 µg (400 IU) vitamin D3, 250 µg vitamin A and ~1.2 g EPA+DHA",Acceptable,"Preserves natural vitamin A/D & omega-3; gentle processing (vacuum distillation) removes toxins, retains EPA/DHA","Animal‑derived oil (fish liver) rich in preformed vitamin A, vitamin D3, and long‑chain omega‑3 fatty acids.",science_research.xlsx (internal evidence file - needs_citation)
Cod Liver Oil,Oxidized/rancid oils,Reject,"Preserves natural vitamin A/D & omega-3; gentle processing (vacuum distillation) removes toxins, retains EPA/DHA","Animal‑derived oil (fish liver) rich in preformed vitamin A, vitamin D3, and long‑chain omega‑3 fatty acids.",science_research.xlsx (internal evidence file - needs_citation)
Cod Liver Oil,highly refined oils devoid of natural vitamins,Reject,"Preserves natural vitamin A/D & omega-3; gentle processing (vacuum distillation) removes toxins, retains EPA/DHA","Animal‑derived oil (fish liver) rich in preformed vitamin A, vitamin D3, and long‑chain omega‑3 fatty acids.",science_research.xlsx (internal evidence file - needs_citation)
Krill Oil,100% pure krill oil (phospholipid form) from Antarctic krill,Superior,Dosed krill oil improves LDL-C & TG; phospholipid-bound EPA/DHA absorbs well at lower doses than many fish oils,Marine omega‑3 oil rich in EPA/DHA,science_research.xlsx (internal evidence file - needs_citation)
Krill Oil,Refined krill oil concentrates with standardized EPA/DHA content,Acceptable,Dosed krill oil improves LDL-C & TG; phospholipid-bound EPA/DHA absorbs well at lower doses than many fish oils,Marine omega‑3 oil rich in EPA/DHA,science_research.xlsx (internal evidence file - needs_citation)
Krill Oil,Low-quality krill oil with low astaxanthin,Reject,Dosed krill oil improves LDL-C & TG; phospholipid-bound EPA/DHA absorbs well at lower doses than many fish oils,Marine omega‑3 oil rich in EPA/DHA,science_research.xlsx (internal evidence file - needs_citation)
Krill Oil,oxidized odor,Reject,Dosed krill oil improves LDL-C & TG; phospholipid-bound EPA/DHA absorbs well at lower doses than many fish oils,Marine omega‑3 oil rich in EPA/DHA,science_research.xlsx (internal evidence file - needs_citation)
Krill Oil,inferior “krill meal” supplements (less oil),Reject,Dosed krill oil improves LDL-C & TG; phospholipid-bound EPA/DHA absorbs well at lower doses than many fish oils,Marine omega‑3 oil rich in EPA/DHA,science_research.xlsx (internal evidence file - needs_citation)
Matcha Powder,"Japanese ceremonial‑grade matcha with verified origin, higher L‑theanine and catechins",Superior,Shade-grown tea boosts L-theanine/chlorophyll and antioxidants; fine ceramic milling preserves volatiles; bright green shows freshness,"Japanese green tea (Camellia sinensis) leaf- high in polyphenols, L-theanine, caffeine",science_research.xlsx (internal evidence file - needs_citation)
Matcha Powder,Premium-grade culinary matcha for cooking (less delicate but still whole-leaf),Acceptable,Shade-grown tea boosts L-theanine/chlorophyll and antioxidants; fine ceramic milling preserves volatiles; bright green shows freshness,"Japanese green tea (Camellia sinensis) leaf- high in polyphenols, L-theanine, caffeine",science_research.xlsx (internal evidence file - needs_citation)
Matcha Powder,"Generic green tea powders labelled “matcha” may have low L-theanine/catechins, contamination,",Reject,Shade-grown tea boosts L-theanine/chlorophyll and antioxidants; fine ceramic milling preserves volatiles; bright green shows freshness,"Japanese green tea (Camellia sinensis) leaf- high in polyphenols, L-theanine, caffeine",science_research.xlsx (internal evidence file - needs_citation)
Matcha Powder,added colourants,Reject,Shade-grown tea boosts L-theanine/chlorophyll and antioxidants; fine ceramic milling preserves volatiles; bright green shows freshness,"Japanese green tea (Camellia sinensis) leaf- high in polyphenols, L-theanine, caffeine",science_research.xlsx (internal evidence file - needs_citation)
Moringa,Organic leaf powder/extract capsules,Superior,10x lower contaminants; higher bioavailability,Leafy green superfood,science_research.xlsx (internal evidence file - needs_citation)
Moringa,leaf powder,Acceptable,10x lower contaminants; higher bioavailability,Leafy green superfood,science_research.xlsx (internal evidence file - needs_citation)
Moringa,"Stem/seed-heavy blends,r non‑oleifera species",Reject,10x lower contaminants; higher bioavailability,Leafy green superfood,science_research.xlsx (internal evidence file - needs_citation)
Moringa,"products bulked with fillers (maltodextrin, grain flours)",Reject,10x lower contaminants; higher bioavailability,Leafy green superfood,science_research.xlsx (internal evidence file - needs_citation)
Black Seed Oil (Nigella),"Cold‑pressed, standardised N. sativa seed oil with defined thymoquinone content",Superior,Cold pressing preserves thymoquinone (main active) and polyphenols,Herbal fixed oil rich in thymoquinone and other bioactives,science_research.xlsx (internal evidence file - needs_citation)
Black Seed Oil (Nigella),Filtered cold-pressed oil,Acceptable,Cold pressing preserves thymoquinone (main active) and polyphenols,Herbal fixed oil rich in thymoquinone and other bioactives,science_research.xlsx (internal evidence file - needs_citation)
Black Seed Oil (Nigella),"Refined/deodorized oil,",Reject,Cold pressing preserves thymoquinone (main active) and polyphenols,Herbal fixed oil rich in thymoquinone and other bioactives,science_research.xlsx (internal evidence file - needs_citation)
Black Seed Oil (Nigella),"oils adulterated with cheaper seed oils (sunflower, etc.)",Reject,Cold pressing preserves thymoquinone (main active) and polyphenols,Herbal fixed oil rich in thymoquinone and other bioactives,science_research.xlsx (internal evidence file - needs_citation)
Berberine,Berberine HCl (chloride salt) of high purity,Superior,"~1–1.5 g/day berberine improves HbA1c, fasting glucose, lipids, some inflammation in T2D/metabolic syndrome; GI side effects manageable",Botanical alkaloid - extracted from plants like Berberis spp.,science_research.xlsx (internal evidence file - needs_citation)
Berberine,Standard berberine HCl supplement (purity >90%),Acceptable,"~1–1.5 g/day berberine improves HbA1c, fasting glucose, lipids, some inflammation in T2D/metabolic syndrome; GI side effects manageable",Botanical alkaloid - extracted from plants like Berberis spp.,science_research.xlsx (internal evidence file - needs_citation)
Berberine,"Under-dosed (<300 mg), unstandardised herbal mixes,",Reject,"~1–1.5 g/day berberine improves HbA1c, fasting glucose, lipids, some inflammation in T2D/metabolic syndrome; GI side effects manageable",Botanical alkaloid - extracted from plants like Berberis spp.,science_research.xlsx (internal evidence file - needs_citation)
Berberine,products ignoring berberine drug–drug interactions,Reject,"~1–1.5 g/day berberine improves HbA1c, fasting glucose, lipids, some inflammation in T2D/metabolic syndrome; GI side effects manageable",Botanical alkaloid - extracted from plants like Berberis spp.,science_research.xlsx (internal evidence file - needs_citation)
Oregano Oil,Wild oregano (Origanum vulgare) essential oil standardized for high carvacrol/thymol content,Superior,Carvacrol-rich oregano oil antimicrobial in vitro; proper dilution and dosing reduce mucosal irritation and toxicity risk,Herbal essential oil,science_research.xlsx (internal evidence file - needs_citation)
Oregano Oil,Regular oregano oil supplements (capsules,Acceptable,Carvacrol-rich oregano oil antimicrobial in vitro; proper dilution and dosing reduce mucosal irritation and toxicity risk,Herbal essential oil,science_research.xlsx (internal evidence file - needs_citation)
Oregano Oil,liquid),Acceptable,Carvacrol-rich oregano oil antimicrobial in vitro; proper dilution and dosing reduce mucosal irritation and toxicity risk,Herbal essential oil,science_research.xlsx (internal evidence file - needs_citation)
Oregano Oil,"Undiluted essential oil sold for oral use, products with unknown species/chemotype",Reject,Carvacrol-rich oregano oil antimicrobial in vitro; proper dilution and dosing reduce mucosal irritation and toxicity risk,Herbal essential oil,science_research.xlsx (internal evidence file - needs_citation)
Shilajit,Purified high-altitude shilajit resin (sun-dried) with >70% fulvic acid,Superior,High fulvic/humic acid content enhances nutrient absorption and energy metabolism,Ayurvedic herbomineral resin (rich in fulvic acid and minerals),science_research.xlsx (internal evidence file - needs_citation)
Shilajit,Capsules/tablets providing ~250 mg Shilajit twice daily (500 mg/day),Acceptable,High fulvic/humic acid content enhances nutrient absorption and energy metabolism,Ayurvedic herbomineral resin (rich in fulvic acid and minerals),science_research.xlsx (internal evidence file - needs_citation)
Shilajit,"Raw/unprocessed shilajit (contains heavy metals, microbes)",Reject,High fulvic/humic acid content enhances nutrient absorption and energy metabolism,Ayurvedic herbomineral resin (rich in fulvic acid and minerals),science_research.xlsx (internal evidence file - needs_citation)
Shilajit,adulterated extracts,Reject,High fulvic/humic acid content enhances nutrient absorption and energy metabolism,Ayurvedic herbomineral resin (rich in fulvic acid and minerals),science_research.xlsx (internal evidence file - needs_citation)
Selenium,Selenomethionine,Superior,Selenomethionine is absorbed ~90% (versus ~50% for selenite),Essential trace mineral (inorganic and organic selenoprotein constituent),science_research.xlsx (internal evidence file - needs_citation)
Selenium,high‑selenium yeast,Superior,Selenomethionine is absorbed ~90% (versus ~50% for selenite),Essential trace mineral (inorganic and organic selenoprotein constituent),science_research.xlsx (internal evidence file - needs_citation)
Selenium,Sodium selenite/selenate,Acceptable,Selenomethionine is absorbed ~90% (versus ~50% for selenite),Essential trace mineral (inorganic and organic selenoprotein constituent),science_research.xlsx (internal evidence file - needs_citation)
Selenium,selenium‑enriched yeast,Acceptable,Selenomethionine is absorbed ~90% (versus ~50% for selenite),Essential trace mineral (inorganic and organic selenoprotein constituent),science_research.xlsx (internal evidence file - needs_citation)
Selenium,High‑dose 200–400 µg single selenium tablets promoted for cancer prevention,Reject,Selenomethionine is absorbed ~90% (versus ~50% for selenite),Essential trace mineral (inorganic and organic selenoprotein constituent),science_research.xlsx (internal evidence file - needs_citation)
Echinacea,Standardized extracts of E. purpurea,Superior,Standardised E. purpurea extracts modestly reduce cold incidence/duration; safe as placebo in large RCTs,Herbal immunomodulator (E. purpurea),science_research.xlsx (internal evidence file - needs_citation)
Echinacea,E. angustifolia with defined alkamide/caffeic acid content,Superior,Standardised E. purpurea extracts modestly reduce cold incidence/duration; safe as placebo in large RCTs,Herbal immunomodulator (E. purpurea),science_research.xlsx (internal evidence file - needs_citation)
Echinacea,Whole-herb capsules,Acceptable,Standardised E. purpurea extracts modestly reduce cold incidence/duration; safe as placebo in large RCTs,Herbal immunomodulator (E. purpurea),science_research.xlsx (internal evidence file - needs_citation)
Echinacea,tinctures of Echinacea purpurea/pallida,Acceptable,Standardised E. purpurea extracts modestly reduce cold incidence/duration; safe as placebo in large RCTs,Herbal immunomodulator (E. purpurea),science_research.xlsx (internal evidence file - needs_citation)
Echinacea,Products using wrong species,Reject,Standardised E. purpurea extracts modestly reduce cold incidence/duration; safe as placebo in large RCTs,Herbal immunomodulator (E. purpurea),science_research.xlsx (internal evidence file - needs_citation)
Echinacea,"parts,",Reject,Standardised E. purpurea extracts modestly reduce cold incidence/duration; safe as placebo in large RCTs,Herbal immunomodulator (E. purpurea),science_research.xlsx (internal evidence file - needs_citation)
Echinacea,blends with inert fillers,Reject,Standardised E. purpurea extracts modestly reduce cold incidence/duration; safe as placebo in large RCTs,Herbal immunomodulator (E. purpurea),science_research.xlsx (internal evidence file - needs_citation)
Echinacea,old/damaged plant material,Reject,Standardised E. purpurea extracts modestly reduce cold incidence/duration; safe as placebo in large RCTs,Herbal immunomodulator (E. purpurea),science_research.xlsx (internal evidence file - needs_citation)
Quercetin,"Phytosome, Glycosylated quercetin (e.g. rutin, isoquercetin)",Superior,Glycoside forms (e.g. isoquercetin) increase water solubility and intestinal uptake,Plant flavonol (antioxidant bioflavonoid),science_research.xlsx (internal evidence file - needs_citation)
Quercetin,micronized quercetin,Superior,Glycoside forms (e.g. isoquercetin) increase water solubility and intestinal uptake,Plant flavonol (antioxidant bioflavonoid),science_research.xlsx (internal evidence file - needs_citation)
Quercetin,Generic quercetin capsules providing 500–1000 mg/day in divided doses for up to ~12 weeks,Acceptable,Glycoside forms (e.g. isoquercetin) increase water solubility and intestinal uptake,Plant flavonol (antioxidant bioflavonoid),science_research.xlsx (internal evidence file - needs_citation)
Quercetin,Low-dose (<100 mg) products with big claims,Reject,Glycoside forms (e.g. isoquercetin) increase water solubility and intestinal uptake,Plant flavonol (antioxidant bioflavonoid),science_research.xlsx (internal evidence file - needs_citation)
Quercetin,"high-dose powders lacking purity, heavy-metal,",Reject,Glycoside forms (e.g. isoquercetin) increase water solubility and intestinal uptake,Plant flavonol (antioxidant bioflavonoid),science_research.xlsx (internal evidence file - needs_citation)
Quercetin,solvent testing,Reject,Glycoside forms (e.g. isoquercetin) increase water solubility and intestinal uptake,Plant flavonol (antioxidant bioflavonoid),science_research.xlsx (internal evidence file - needs_citation)
Manuka Honey,"Monofloral, high-MGO (e.g. UMF®/NPA® certified) raw Manuka honey",Superior,Improves healing of chronic and diabetic wounds,Functional food/medicinal honey,science_research.xlsx (internal evidence file - needs_citation)
Manuka Honey,"Medical honey preparations (e.g. dressings, gels, lozenges) containing Manuka honey",Acceptable,Improves healing of chronic and diabetic wounds,Functional food/medicinal honey,science_research.xlsx (internal evidence file - needs_citation)
Manuka Honey,Adulterated,Reject,Improves healing of chronic and diabetic wounds,Functional food/medicinal honey,science_research.xlsx (internal evidence file - needs_citation)
Manuka Honey,"blended honeys (low MGO), and non-Manuka honeys falsely labeled as Manuka",Reject,Improves healing of chronic and diabetic wounds,Functional food/medicinal honey,science_research.xlsx (internal evidence file - needs_citation)
Lysine,Pure L‑lysine (free base,Superior,L-lysine (free L-form) is readily absorbed and utilized; HCl salt dissolves well in water.,An essential amino acid (L-lysine),science_research.xlsx (internal evidence file - needs_citation)
Lysine,HCl),Superior,L-lysine (free L-form) is readily absorbed and utilized; HCl salt dissolves well in water.,An essential amino acid (L-lysine),science_research.xlsx (internal evidence file - needs_citation)
Lysine,500–1000 mg capsules,Acceptable,L-lysine (free L-form) is readily absorbed and utilized; HCl salt dissolves well in water.,An essential amino acid (L-lysine),science_research.xlsx (internal evidence file - needs_citation)
Lysine,tablets taken 1–3 times daily,Acceptable,L-lysine (free L-form) is readily absorbed and utilized; HCl salt dissolves well in water.,An essential amino acid (L-lysine),science_research.xlsx (internal evidence file - needs_citation)
Lysine,Low-dose (<500 mg/day) products making strong HSV claims,Reject,L-lysine (free L-form) is readily absorbed and utilized; HCl salt dissolves well in water.,An essential amino acid (L-lysine),science_research.xlsx (internal evidence file - needs_citation)
Lysine,blends not stating lysine per dose,Reject,L-lysine (free L-form) is readily absorbed and utilized; HCl salt dissolves well in water.,An essential amino acid (L-lysine),science_research.xlsx (internal evidence file - needs_citation)
Creatine Monohydrate,"Plain, micronised creatine monohydrate with ≥99.9% purity",Superior,Monohydrate has the strongest research backing (more effective muscle uptake),Ergogenic nutrient,science_research.xlsx (internal evidence file - needs_citation)
Creatine Monohydrate,Unflavoured,Acceptable,Monohydrate has the strongest research backing (more effective muscle uptake),Ergogenic nutrient,science_research.xlsx (internal evidence file - needs_citation)
Creatine Monohydrate,simply flavoured creatine monohydrate powders providing 3–5 g/day,Acceptable,Monohydrate has the strongest research backing (more effective muscle uptake),Ergogenic nutrient,science_research.xlsx (internal evidence file - needs_citation)
Creatine Monohydrate,"Proprietary creatine “blends” with under‑dosed monohydrate, unnecessary forms (e.g. ethyl ester)",Reject,Monohydrate has the strongest research backing (more effective muscle uptake),Ergogenic nutrient,science_research.xlsx (internal evidence file - needs_citation)
Vitamin B12,Methylcobalamin,Superior,High‑dose oral B12 normalises serum B12 and improves haematological/neurological parameters,Water-soluble vitamin (cobalamin),science_research.xlsx (internal evidence file - needs_citation)
Vitamin B12,adenosylcobalamin (active coenzyme forms),Superior,High‑dose oral B12 normalises serum B12 and improves haematological/neurological parameters,Water-soluble vitamin (cobalamin),science_research.xlsx (internal evidence file - needs_citation)
Vitamin B12,"Cyanocobalamin (most stable, widely used, effective for deficiency correction in most people). Hydroxocobalamin (injectable form",Acceptable,High‑dose oral B12 normalises serum B12 and improves haematological/neurological parameters,Water-soluble vitamin (cobalamin),science_research.xlsx (internal evidence file - needs_citation)
Vitamin B12,used medically). Methylcobalamin,Acceptable,High‑dose oral B12 normalises serum B12 and improves haematological/neurological parameters,Water-soluble vitamin (cobalamin),science_research.xlsx (internal evidence file - needs_citation)
Vitamin B12,adenosylcobalamin added to multivitamins,Acceptable,High‑dose oral B12 normalises serum B12 and improves haematological/neurological parameters,Water-soluble vitamin (cobalamin),science_research.xlsx (internal evidence file - needs_citation)
Vitamin B12,standalone supplements — acceptable and preferred for MTHFR polymorphisms,Acceptable,High‑dose oral B12 normalises serum B12 and improves haematological/neurological parameters,Water-soluble vitamin (cobalamin),science_research.xlsx (internal evidence file - needs_citation)
Vitamin B12,"Very low‑dose products (<1 µg),",Reject,High‑dose oral B12 normalises serum B12 and improves haematological/neurological parameters,Water-soluble vitamin (cobalamin),science_research.xlsx (internal evidence file - needs_citation)
Vitamin B12,sprays/tablets without reliable B12 content,Reject,High‑dose oral B12 normalises serum B12 and improves haematological/neurological parameters,Water-soluble vitamin (cobalamin),science_research.xlsx (internal evidence file - needs_citation)
Vitamin B12,stability data,Reject,High‑dose oral B12 normalises serum B12 and improves haematological/neurological parameters,Water-soluble vitamin (cobalamin),science_research.xlsx (internal evidence file - needs_citation)
Whey Protein,"Whey isolates/concentrates with high protein (≥80%), low sugar/fat, minimal fillers",Superior,"Whey boosts muscle protein synthesis faster than collagen/others; with training, increases lean mass and strength in RCTs",Dairy protein rich in essential amino acids,science_research.xlsx (internal evidence file - needs_citation)
Whey Protein,Generic whey concentrate (~70–80% protein) powders,Acceptable,"Whey boosts muscle protein synthesis faster than collagen/others; with training, increases lean mass and strength in RCTs",Dairy protein rich in essential amino acids,science_research.xlsx (internal evidence file - needs_citation)
Whey Protein,“Whey” blends under-dosed in whey,Reject,"Whey boosts muscle protein synthesis faster than collagen/others; with training, increases lean mass and strength in RCTs",Dairy protein rich in essential amino acids,science_research.xlsx (internal evidence file - needs_citation)
Whey Protein,"padded with cheap carbs, low-grade collagen,",Reject,"Whey boosts muscle protein synthesis faster than collagen/others; with training, increases lean mass and strength in RCTs",Dairy protein rich in essential amino acids,science_research.xlsx (internal evidence file - needs_citation)
Whey Protein,undisclosed proteins,Reject,"Whey boosts muscle protein synthesis faster than collagen/others; with training, increases lean mass and strength in RCTs",Dairy protein rich in essential amino acids,science_research.xlsx (internal evidence file - needs_citation)
Rhodiola Rosea,Standardised Rhodiola rosea root extract (e.g. SHR‑5) with defined rosavins and salidroside content,Superior,Standardised SHR‑5 extract significantly improved stress‑related fatigue and mild–moderate depression,Botanical/herbal adaptogen,science_research.xlsx (internal evidence file - needs_citation)
Rhodiola Rosea,Generic Rhodiola rosea root extracts with declared standardisation and doses in the 200–600 mg/day range,Acceptable,Standardised SHR‑5 extract significantly improved stress‑related fatigue and mild–moderate depression,Botanical/herbal adaptogen,science_research.xlsx (internal evidence file - needs_citation)
Rhodiola Rosea,"Non‑standardised “Rhodiola blend” powders, products not specifying species/root,",Reject,Standardised SHR‑5 extract significantly improved stress‑related fatigue and mild–moderate depression,Botanical/herbal adaptogen,science_research.xlsx (internal evidence file - needs_citation)
Rhodiola Rosea,very low‑dose formulas big stress/depression claims,Reject,Standardised SHR‑5 extract significantly improved stress‑related fatigue and mild–moderate depression,Botanical/herbal adaptogen,science_research.xlsx (internal evidence file - needs_citation)
HMB,"HMB Free Acid (HMB-FA, β-hydroxy β-methylbutyric acid monohydrate): fastest absorption and highest plasma peak. Calcium HMB (Ca-HMB): most studied form in RCTs, slower release. HMB-FA is superior in acute bioavailability",Superior,HMB-FA has better bioavailability and faster plasma peak than CaHMB,Amino‑acid metabolite (from leucine),science_research.xlsx (internal evidence file - needs_citation)
HMB,Ca-HMB has longer evidence base. Both are acceptable at 3 g/day total,Superior,HMB-FA has better bioavailability and faster plasma peak than CaHMB,Amino‑acid metabolite (from leucine),science_research.xlsx (internal evidence file - needs_citation)
HMB,HMB included in mixed formulas (e.g. HMB + protein + vitamin D) providing ~1.5–3 g/day HMB,Acceptable,HMB-FA has better bioavailability and faster plasma peak than CaHMB,Amino‑acid metabolite (from leucine),science_research.xlsx (internal evidence file - needs_citation)
HMB,Proprietary “HMB blends” that under‑dose HMB (<1 g/day),Reject,HMB-FA has better bioavailability and faster plasma peak than CaHMB,Amino‑acid metabolite (from leucine),science_research.xlsx (internal evidence file - needs_citation)
Inositol,Myo-inositol (MI),Superior,"Inositols (mainly MI) improve menstrual regularity, androgens, insulin resistance and BMI",Vitamin-like polyol (formerly Vitamin B8),science_research.xlsx (internal evidence file - needs_citation)
Inositol,a 40:1 ratio of Myo-inositol to D-chiro-inositol (DCI),Superior,"Inositols (mainly MI) improve menstrual regularity, androgens, insulin resistance and BMI",Vitamin-like polyol (formerly Vitamin B8),science_research.xlsx (internal evidence file - needs_citation)
Inositol,"Stand‑alone MI powders providing 2–4 g/day, with",Acceptable,"Inositols (mainly MI) improve menstrual regularity, androgens, insulin resistance and BMI",Vitamin-like polyol (formerly Vitamin B8),science_research.xlsx (internal evidence file - needs_citation)
Inositol,without folic acid,Acceptable,"Inositols (mainly MI) improve menstrual regularity, androgens, insulin resistance and BMI",Vitamin-like polyol (formerly Vitamin B8),science_research.xlsx (internal evidence file - needs_citation)
Inositol,Low‑dose (<1 g/day) MI capsules marketed for PCOS/fertility,Reject,"Inositols (mainly MI) improve menstrual regularity, androgens, insulin resistance and BMI",Vitamin-like polyol (formerly Vitamin B8),science_research.xlsx (internal evidence file - needs_citation)
Ginkgo Biloba,"Standardized Extracts like EGb 761 (DER 35–67:1, 22–27% ginkgoflavonglycosides, 5–7% terpene lactones, <5 ppm ginkgolic acids)",Superior,EGb 761 at 120–240 mg/day has shown modest stabilisation or slowing of cognitive and functional decline in dementia over 22–52 weeks.,Botanical Extract / Nootropic,science_research.xlsx (internal evidence file - needs_citation)
Ginkgo Biloba,Other acetone/water Ginkgo leaf extracts,Acceptable,EGb 761 at 120–240 mg/day has shown modest stabilisation or slowing of cognitive and functional decline in dementia over 22–52 weeks.,Botanical Extract / Nootropic,science_research.xlsx (internal evidence file - needs_citation)
Ginkgo Biloba,"Non‑standardised powders, extracts with high ginkgolic acids,",Reject,EGb 761 at 120–240 mg/day has shown modest stabilisation or slowing of cognitive and functional decline in dementia over 22–52 weeks.,Botanical Extract / Nootropic,science_research.xlsx (internal evidence file - needs_citation)
Ginkgo Biloba,products adulterated with rutin/quercetin to simulate flavone content,Reject,EGb 761 at 120–240 mg/day has shown modest stabilisation or slowing of cognitive and functional decline in dementia over 22–52 weeks.,Botanical Extract / Nootropic,science_research.xlsx (internal evidence file - needs_citation)
Rosemary Extract,"Standardized to Rosmarinic Acid (e.g., 10-20%)",Superior,Standardized rosmarinic acid has proven neuroprotective effects in human trials,Botanical Extract / Antioxidant,science_research.xlsx (internal evidence file - needs_citation)
Rosemary Extract,Carnosic Acid,Superior,Standardized rosmarinic acid has proven neuroprotective effects in human trials,Botanical Extract / Antioxidant,science_research.xlsx (internal evidence file - needs_citation)
Rosemary Extract,"Dried rosemary leaf capsules, teas, and E392 antioxidant extracts",Acceptable,Standardized rosmarinic acid has proven neuroprotective effects in human trials,Botanical Extract / Antioxidant,science_research.xlsx (internal evidence file - needs_citation)
Rosemary Extract,Poorly defined extracts with unknown carnosic acid,Reject,Standardized rosmarinic acid has proven neuroprotective effects in human trials,Botanical Extract / Antioxidant,science_research.xlsx (internal evidence file - needs_citation)
Rosemary Extract,unsafe undiluted essential oil capsules for internal use,Reject,Standardized rosmarinic acid has proven neuroprotective effects in human trials,Botanical Extract / Antioxidant,science_research.xlsx (internal evidence file - needs_citation)
Valerian Root,Standardised valerian‑root dry extracts (e.g. DER ~4–7:1) used at 400–900 mg,Superior,"Repeated valerian (1–2 weeks) modestly improves sleep quality; well tolerated, no morning “hangover.”",Herbal sedative / sleep‑support botanical.,science_research.xlsx (internal evidence file - needs_citation)
Valerian Root,Monopreparation valerian tablets/capsules (≈400–600 mg extract),Acceptable,"Repeated valerian (1–2 weeks) modestly improves sleep quality; well tolerated, no morning “hangover.”",Herbal sedative / sleep‑support botanical.,science_research.xlsx (internal evidence file - needs_citation)
Valerian Root,Non‑standardised root powders,Reject,"Repeated valerian (1–2 weeks) modestly improves sleep quality; well tolerated, no morning “hangover.”",Herbal sedative / sleep‑support botanical.,science_research.xlsx (internal evidence file - needs_citation)
Valerian Root,low‑dose products (<300 mg per day),Reject,"Repeated valerian (1–2 weeks) modestly improves sleep quality; well tolerated, no morning “hangover.”",Herbal sedative / sleep‑support botanical.,science_research.xlsx (internal evidence file - needs_citation)
Ashwagandha (KSM-66),"KSM-66, which is a root-only extract standardized to 5% with anolides",Superior,KSM‑66 (300–600 mg/day) show significant reductions in perceived stress and serum cortisol and improvements in sleep quality and anxiety,Adaptogen and an Ayurvedic Botanical,science_research.xlsx (internal evidence file - needs_citation)
Ashwagandha (KSM-66),Sensoril (a root and leaf extract) and general root extracts standardized to 2.5% withanolides,Acceptable,KSM‑66 (300–600 mg/day) show significant reductions in perceived stress and serum cortisol and improvements in sleep quality and anxiety,Adaptogen and an Ayurvedic Botanical,science_research.xlsx (internal evidence file - needs_citation)
Ashwagandha (KSM-66),"Leaf-only extracts, non-standardized root powder,",Reject,KSM‑66 (300–600 mg/day) show significant reductions in perceived stress and serum cortisol and improvements in sleep quality and anxiety,Adaptogen and an Ayurvedic Botanical,science_research.xlsx (internal evidence file - needs_citation)
Ashwagandha (KSM-66),"products with high levels of withaferin A, which can be cytotoxic",Reject,KSM‑66 (300–600 mg/day) show significant reductions in perceived stress and serum cortisol and improvements in sleep quality and anxiety,Adaptogen and an Ayurvedic Botanical,science_research.xlsx (internal evidence file - needs_citation)
5-HTP,"standardized Griffonia simplicifolia seed extract, typically 98% 5-HTP",Superior,5‑HTP may improve depressive symptoms vs placebo and relieve fibromyalgia pain,Amino Acid and a Neurotransmitter Precursor,science_research.xlsx (internal evidence file - needs_citation)
5-HTP,Extracts standardized to 20-50% 5-HTP,Acceptable,5‑HTP may improve depressive symptoms vs placebo and relieve fibromyalgia pain,Amino Acid and a Neurotransmitter Precursor,science_research.xlsx (internal evidence file - needs_citation)
5-HTP,"Unknown purity, unclear mg per capsule,",Reject,5‑HTP may improve depressive symptoms vs placebo and relieve fibromyalgia pain,Amino Acid and a Neurotransmitter Precursor,science_research.xlsx (internal evidence file - needs_citation)
5-HTP,low-dose 5-HTP (<25–50 mg),Reject,5‑HTP may improve depressive symptoms vs placebo and relieve fibromyalgia pain,Amino Acid and a Neurotransmitter Precursor,science_research.xlsx (internal evidence file - needs_citation)
Saccharomyces boulardii,Lyophilized (freeze-dried) Saccharomyces boulardii CNCM I-745,Superior,S. boulardii reduced AAD risk from 18.7% to 8.5% in adults and children on antibiotics.,Probiotic / live yeast,science_research.xlsx (internal evidence file - needs_citation)
Saccharomyces boulardii,Single‑strain S. boulardii capsules providing ≥10⁹ CFU/day,Acceptable,S. boulardii reduced AAD risk from 18.7% to 8.5% in adults and children on antibiotics.,Probiotic / live yeast,science_research.xlsx (internal evidence file - needs_citation)
Saccharomyces boulardii,"Multi‑strain probiotic blends with unknown S. boulardii dose,",Reject,S. boulardii reduced AAD risk from 18.7% to 8.5% in adults and children on antibiotics.,Probiotic / live yeast,science_research.xlsx (internal evidence file - needs_citation)
Saccharomyces boulardii,low‑CFU products (<10⁹ per day),Reject,S. boulardii reduced AAD risk from 18.7% to 8.5% in adults and children on antibiotics.,Probiotic / live yeast,science_research.xlsx (internal evidence file - needs_citation)
St. John's Wort,Standardized extracts specifying hyperforin content,Superior,"Clinical efficacy data is linked to standardized extracts, ensuring predictable potency and safety",Herbal extract / plant-derived antidepressant,science_research.xlsx (internal evidence file - needs_citation)
St. John's Wort,~0.3% hypericin as used in clinical trials,Superior,"Clinical efficacy data is linked to standardized extracts, ensuring predictable potency and safety",Herbal extract / plant-derived antidepressant,science_research.xlsx (internal evidence file - needs_citation)
St. John's Wort,Whole-plant extracts with declared strength but without hyperforin standardization,Acceptable,"Clinical efficacy data is linked to standardized extracts, ensuring predictable potency and safety",Herbal extract / plant-derived antidepressant,science_research.xlsx (internal evidence file - needs_citation)
St. John's Wort,Non-standardized powders,Reject,"Clinical efficacy data is linked to standardized extracts, ensuring predictable potency and safety",Herbal extract / plant-derived antidepressant,science_research.xlsx (internal evidence file - needs_citation)
St. John's Wort,products without declared hypericin/hyperforin content,Reject,"Clinical efficacy data is linked to standardized extracts, ensuring predictable potency and safety",Herbal extract / plant-derived antidepressant,science_research.xlsx (internal evidence file - needs_citation)
Evening Primrose Oil,Cold-pressed oil standardized to ~8–10% GLA with peroxide value control,Superior,"Cold-pressed, GLA-standardized oils ensure anti-inflammatory activity and better stability",Botanical oil / omega-6 fatty acid supplement containing GLA,science_research.xlsx (internal evidence file - needs_citation)
Evening Primrose Oil,Refined evening primrose oil with declared GLA percentage,Acceptable,"Cold-pressed, GLA-standardized oils ensure anti-inflammatory activity and better stability",Botanical oil / omega-6 fatty acid supplement containing GLA,science_research.xlsx (internal evidence file - needs_citation)
Evening Primrose Oil,Highly refined oils with no stated GLA content,Reject,"Cold-pressed, GLA-standardized oils ensure anti-inflammatory activity and better stability",Botanical oil / omega-6 fatty acid supplement containing GLA,science_research.xlsx (internal evidence file - needs_citation)
Evening Primrose Oil,oxidation testing,Reject,"Cold-pressed, GLA-standardized oils ensure anti-inflammatory activity and better stability",Botanical oil / omega-6 fatty acid supplement containing GLA,science_research.xlsx (internal evidence file - needs_citation)
Magnesium Glycinate,magnesium bisglycinate,Superior,"Chelated magnesium glycinate is well tolerated, with lower rates of diarrhoea compared with more osmotic salts; glycine itself is calming, which suits sleep/stress‑support usage.",sleep/stress formulas,science_research.xlsx (internal evidence file - needs_citation)
Magnesium Glycinate,Standard magnesium glycinate capsules/tablets made under GMP,Acceptable,"Chelated magnesium glycinate is well tolerated, with lower rates of diarrhoea compared with more osmotic salts; glycine itself is calming, which suits sleep/stress‑support usage.",sleep/stress formulas,science_research.xlsx (internal evidence file - needs_citation)
Magnesium Glycinate,f magnesium oxide + small glycinate fraction,Reject,"Chelated magnesium glycinate is well tolerated, with lower rates of diarrhoea compared with more osmotic salts; glycine itself is calming, which suits sleep/stress‑support usage.",sleep/stress formulas,science_research.xlsx (internal evidence file - needs_citation)
Magnesium Malate,elemental magnesium and malic acid amount,Superior,combinations of magnesium and malate may improve pain and fatigue scores,energy and muscle comfort,science_research.xlsx (internal evidence file - needs_citation)
Magnesium Malate,Standard magnesium malate tablets/capsules with clear elemental magnesium per serving,Acceptable,combinations of magnesium and malate may improve pain and fatigue scores,energy and muscle comfort,science_research.xlsx (internal evidence file - needs_citation)
Magnesium Malate,magnesium oxide/citrate but market as “malate” for energy claims,Reject,combinations of magnesium and malate may improve pain and fatigue scores,energy and muscle comfort,science_research.xlsx (internal evidence file - needs_citation)
Magnesium Citrate,Clearly dosed magnesium citrate with declared elemental magnesium,Superior,"Magnesium citrate is more soluble and better absorbed than inorganic forms like magnesium oxide, but at moderate doses",bowel‑support formulas.,science_research.xlsx (internal evidence file - needs_citation)
Magnesium Citrate,Standard citrate tablets/capsules in the ~100–200 mg elemental magnesium/serving range,Acceptable,"Magnesium citrate is more soluble and better absorbed than inorganic forms like magnesium oxide, but at moderate doses",bowel‑support formulas.,science_research.xlsx (internal evidence file - needs_citation)
Magnesium Citrate,Very high‑dose powders marketed for daily long‑term use without warning,Reject,"Magnesium citrate is more soluble and better absorbed than inorganic forms like magnesium oxide, but at moderate doses",bowel‑support formulas.,science_research.xlsx (internal evidence file - needs_citation)
Charcoal (Activated),Pharmaceutical-grade activated charcoal with high surface area (>1000 m²/g) and clear activation method,Superior,"Higher surface area charcoal binds toxins and gases more effectively, improving efficacy predictability",Adsorbent agent / carbon-based detoxification aid,science_research.xlsx (internal evidence file - needs_citation)
Charcoal (Activated),Food-grade activated charcoal with declared purity and particle size,Acceptable,"Higher surface area charcoal binds toxins and gases more effectively, improving efficacy predictability",Adsorbent agent / carbon-based detoxification aid,science_research.xlsx (internal evidence file - needs_citation)
Charcoal (Activated),Low-activation carbon powders without adsorption capacity data,Reject,"Higher surface area charcoal binds toxins and gases more effectively, improving efficacy predictability",Adsorbent agent / carbon-based detoxification aid,science_research.xlsx (internal evidence file - needs_citation)
Charcoal (Activated),purity testing,Reject,"Higher surface area charcoal binds toxins and gases more effectively, improving efficacy predictability",Adsorbent agent / carbon-based detoxification aid,science_research.xlsx (internal evidence file - needs_citation)
Vitamin E,Natural d-alpha-tocopherol (RRR-alpha-tocopherol) with mixed tocopherols/tocotrienols,Superior,Natural d-alpha-tocopherol has higher bioavailability and activity than synthetic forms,Essential fat-soluble vitamin / antioxidant micronutrient,science_research.xlsx (internal evidence file - needs_citation)
Vitamin E,Synthetic dl-alpha-tocopherol,Acceptable,Natural d-alpha-tocopherol has higher bioavailability and activity than synthetic forms,Essential fat-soluble vitamin / antioxidant micronutrient,science_research.xlsx (internal evidence file - needs_citation)
Vitamin E,alpha-tocopherol acetate,Acceptable,Natural d-alpha-tocopherol has higher bioavailability and activity than synthetic forms,Essential fat-soluble vitamin / antioxidant micronutrient,science_research.xlsx (internal evidence file - needs_citation)
Vitamin E,High-dose alpha-tocopherol alone without mixed tocopherols,Reject,Natural d-alpha-tocopherol has higher bioavailability and activity than synthetic forms,Essential fat-soluble vitamin / antioxidant micronutrient,science_research.xlsx (internal evidence file - needs_citation)
Vitamin E,antioxidant stabilization,Reject,Natural d-alpha-tocopherol has higher bioavailability and activity than synthetic forms,Essential fat-soluble vitamin / antioxidant micronutrient,science_research.xlsx (internal evidence file - needs_citation)
MSM,High-purity MSM (≥99.9%) with distillation/crystallization purification and low heavy-metal content,Superior,High-purity MSM reduces contamination risk and improves tolerability and consistency,Organosulfur compound / dietary supplement for joint and connective tissue health,science_research.xlsx (internal evidence file - needs_citation)
MSM,Food-grade MSM with declared purity and manufacturing controls,Acceptable,High-purity MSM reduces contamination risk and improves tolerability and consistency,Organosulfur compound / dietary supplement for joint and connective tissue health,science_research.xlsx (internal evidence file - needs_citation)
MSM,Low-purity MSM with no purity disclosure,Reject,High-purity MSM reduces contamination risk and improves tolerability and consistency,Organosulfur compound / dietary supplement for joint and connective tissue health,science_research.xlsx (internal evidence file - needs_citation)
MSM,third-party contaminant testing,Reject,High-purity MSM reduces contamination risk and improves tolerability and consistency,Organosulfur compound / dietary supplement for joint and connective tissue health,science_research.xlsx (internal evidence file - needs_citation)
Tribulus Terrestris,Standardized extracts specifying ≥40–60% total saponins with clear plant part disclosure (fruit preferred),Superior,Standardized saponin content improves batch consistency and aligns with clinical research protocols,Herbal extract / phytotherapeutic agent rich in steroidal saponins,science_research.xlsx (internal evidence file - needs_citation)
Tribulus Terrestris,Non-standardized extracts with declared plant part and dosage,Acceptable,Standardized saponin content improves batch consistency and aligns with clinical research protocols,Herbal extract / phytotherapeutic agent rich in steroidal saponins,science_research.xlsx (internal evidence file - needs_citation)
Tribulus Terrestris,Powders,Reject,Standardized saponin content improves batch consistency and aligns with clinical research protocols,Herbal extract / phytotherapeutic agent rich in steroidal saponins,science_research.xlsx (internal evidence file - needs_citation)
Tribulus Terrestris,extracts without saponin standardization,Reject,Standardized saponin content improves batch consistency and aligns with clinical research protocols,Herbal extract / phytotherapeutic agent rich in steroidal saponins,science_research.xlsx (internal evidence file - needs_citation)
Tribulus Terrestris,unclear plant origin,Reject,Standardized saponin content improves batch consistency and aligns with clinical research protocols,Herbal extract / phytotherapeutic agent rich in steroidal saponins,science_research.xlsx (internal evidence file - needs_citation)
Prenatal Vitamin,Prenatals containing folate (400 µg) as folic acid,Superior,Bioavailable minerals and correct folate levels reduce neural tube defect risk and improve tolerability,"Multivitamin–mineral supplement with pregnancy-specific micronutrients (e.g., folate, iron, iodine)",science_research.xlsx (internal evidence file - needs_citation)
Prenatal Vitamin,"5-MTHF, iron bisglycinate, iodine, vitamin D (10 µg), and DHA",Superior,Bioavailable minerals and correct folate levels reduce neural tube defect risk and improve tolerability,"Multivitamin–mineral supplement with pregnancy-specific micronutrients (e.g., folate, iron, iodine)",science_research.xlsx (internal evidence file - needs_citation)
Prenatal Vitamin,Standard prenatal multivitamins meeting UK RNI levels without DHA,Acceptable,Bioavailable minerals and correct folate levels reduce neural tube defect risk and improve tolerability,"Multivitamin–mineral supplement with pregnancy-specific micronutrients (e.g., folate, iron, iodine)",science_research.xlsx (internal evidence file - needs_citation)
Hyaluronic Acid (Oral),Low–medium molecular weight sodium hyaluronate produced via microbial fermentation with declared molecular weight,Superior,"Fermentation-derived, lower-MW hyaluronic acid shows better oral absorption and bioactivity",Glycosaminoglycan / biopolymer used as a dietary supplement,science_research.xlsx (internal evidence file - needs_citation)
Hyaluronic Acid (Oral),Sodium hyaluronate without molecular-weight specification,Acceptable,"Fermentation-derived, lower-MW hyaluronic acid shows better oral absorption and bioactivity",Glycosaminoglycan / biopolymer used as a dietary supplement,science_research.xlsx (internal evidence file - needs_citation)
Hyaluronic Acid (Oral),"Animal-derived hyaluronic acid without purity, MW disclosure,",Reject,"Fermentation-derived, lower-MW hyaluronic acid shows better oral absorption and bioactivity",Glycosaminoglycan / biopolymer used as a dietary supplement,science_research.xlsx (internal evidence file - needs_citation)
Hyaluronic Acid (Oral),allergen control,Reject,"Fermentation-derived, lower-MW hyaluronic acid shows better oral absorption and bioactivity",Glycosaminoglycan / biopolymer used as a dietary supplement,science_research.xlsx (internal evidence file - needs_citation)
Kelp (Iodine),Kelp products with standardized iodine content (µg declared per dose) and batch testing for contaminants,Superior,"Standardized iodine prevents under- or over-dosing, which can disrupt thyroid function",Marine botanical / iodine-containing mineral supplement,science_research.xlsx (internal evidence file - needs_citation)
Kelp (Iodine),Iodine-standardized kelp,Acceptable,"Standardized iodine prevents under- or over-dosing, which can disrupt thyroid function",Marine botanical / iodine-containing mineral supplement,science_research.xlsx (internal evidence file - needs_citation)
Kelp (Iodine),potassium iodide supplements meeting UK RNI,Acceptable,"Standardized iodine prevents under- or over-dosing, which can disrupt thyroid function",Marine botanical / iodine-containing mineral supplement,science_research.xlsx (internal evidence file - needs_citation)
Kelp (Iodine),Whole kelp powders without iodine standardization,Reject,"Standardized iodine prevents under- or over-dosing, which can disrupt thyroid function",Marine botanical / iodine-containing mineral supplement,science_research.xlsx (internal evidence file - needs_citation)
Kelp (Iodine),contaminant testing,Reject,"Standardized iodine prevents under- or over-dosing, which can disrupt thyroid function",Marine botanical / iodine-containing mineral supplement,science_research.xlsx (internal evidence file - needs_citation)
Algal Oil,Triglyceride-form algal oil with declared DHA/EPA content produced via controlled fermentation,Superior,Algal oil delivers bioequivalent DHA to fish oil without fish allergens or sustainability concerns,Marine-derived (non-fish) omega-3 lipid supplement (DHA/EPA),science_research.xlsx (internal evidence file - needs_citation)
Algal Oil,Algal oil providing DHA only (no EPA) with labelled mg per serving,Acceptable,Algal oil delivers bioequivalent DHA to fish oil without fish allergens or sustainability concerns,Marine-derived (non-fish) omega-3 lipid supplement (DHA/EPA),science_research.xlsx (internal evidence file - needs_citation)
Algal Oil,Oils without stated DHA/EPA levels,Reject,Algal oil delivers bioequivalent DHA to fish oil without fish allergens or sustainability concerns,Marine-derived (non-fish) omega-3 lipid supplement (DHA/EPA),science_research.xlsx (internal evidence file - needs_citation)
Algal Oil,oxidation (peroxide),Reject,Algal oil delivers bioequivalent DHA to fish oil without fish allergens or sustainability concerns,Marine-derived (non-fish) omega-3 lipid supplement (DHA/EPA),science_research.xlsx (internal evidence file - needs_citation)
Chlorella,Broken-cell-wall chlorella with species identification (C. vulgaris) and contaminant testing,Superior,Broken-cell-wall processing improves nutrient bioavailability and digestibility,"Microalgae / whole-food botanical supplement rich in chlorophyll, protein, vitamins, and minerals",science_research.xlsx (internal evidence file - needs_citation)
Chlorella,Chlorella tablets,Acceptable,Broken-cell-wall processing improves nutrient bioavailability and digestibility,"Microalgae / whole-food botanical supplement rich in chlorophyll, protein, vitamins, and minerals",science_research.xlsx (internal evidence file - needs_citation)
Chlorella,powders with declared species and dosage,Acceptable,Broken-cell-wall processing improves nutrient bioavailability and digestibility,"Microalgae / whole-food botanical supplement rich in chlorophyll, protein, vitamins, and minerals",science_research.xlsx (internal evidence file - needs_citation)
Chlorella,Unbroken-cell-wall chlorella,Reject,Broken-cell-wall processing improves nutrient bioavailability and digestibility,"Microalgae / whole-food botanical supplement rich in chlorophyll, protein, vitamins, and minerals",science_research.xlsx (internal evidence file - needs_citation)
Chlorella,products without species disclosure and heavy-metal testing,Reject,Broken-cell-wall processing improves nutrient bioavailability and digestibility,"Microalgae / whole-food botanical supplement rich in chlorophyll, protein, vitamins, and minerals",science_research.xlsx (internal evidence file - needs_citation)
Flaxseed Oil,"Cold-pressed, unrefined flaxseed oil with declared ALA percentage and antioxidant protection",Superior,"Cold-pressed oils preserve ALA and reduce oxidative degradation, improving efficacy and safety",Botanical oil / omega-3 fatty acid supplement (ALA),science_research.xlsx (internal evidence file - needs_citation)
Flaxseed Oil,Refined flaxseed oil with labelled ALA content,Acceptable,"Cold-pressed oils preserve ALA and reduce oxidative degradation, improving efficacy and safety",Botanical oil / omega-3 fatty acid supplement (ALA),science_research.xlsx (internal evidence file - needs_citation)
Flaxseed Oil,Heat-processed oils without ALA content disclosure,Reject,"Cold-pressed oils preserve ALA and reduce oxidative degradation, improving efficacy and safety",Botanical oil / omega-3 fatty acid supplement (ALA),science_research.xlsx (internal evidence file - needs_citation)
Flaxseed Oil,oxidation,Reject,"Cold-pressed oils preserve ALA and reduce oxidative degradation, improving efficacy and safety",Botanical oil / omega-3 fatty acid supplement (ALA),science_research.xlsx (internal evidence file - needs_citation)
Dandelion Root,Standardized dandelion root extract (not leaf) with declared extraction ratio and botanical identification,Superior,Root extracts contain higher concentrations of bitter compounds linked to digestive stimulation,Herbal root extract / bitter tonic botanical,science_research.xlsx (internal evidence file - needs_citation)
Dandelion Root,Dried root powder,Acceptable,Root extracts contain higher concentrations of bitter compounds linked to digestive stimulation,Herbal root extract / bitter tonic botanical,science_research.xlsx (internal evidence file - needs_citation)
Dandelion Root,non-standardized extracts with clear plant-part labeling,Acceptable,Root extracts contain higher concentrations of bitter compounds linked to digestive stimulation,Herbal root extract / bitter tonic botanical,science_research.xlsx (internal evidence file - needs_citation)
Dandelion Root,Products mixing leaf and root without disclosure,Reject,Root extracts contain higher concentrations of bitter compounds linked to digestive stimulation,Herbal root extract / bitter tonic botanical,science_research.xlsx (internal evidence file - needs_citation)
Dandelion Root,lacking botanical authentication,Reject,Root extracts contain higher concentrations of bitter compounds linked to digestive stimulation,Herbal root extract / bitter tonic botanical,science_research.xlsx (internal evidence file - needs_citation)
Sea Moss (Irish Moss),Species-verified Chondrus crispus with standardized iodine disclosure and contaminant testing.Sea moss is very high in iodine,Superior,Species verification and iodine standardization prevent variability and thyroid risk,"Marine botanical (red algae) rich in polysaccharides, minerals, and iodine",science_research.xlsx (internal evidence file - needs_citation)
Sea Moss (Irish Moss),Dried,Acceptable,Species verification and iodine standardization prevent variability and thyroid risk,"Marine botanical (red algae) rich in polysaccharides, minerals, and iodine",science_research.xlsx (internal evidence file - needs_citation)
Sea Moss (Irish Moss),powdered sea moss with declared species and batch testing,Acceptable,Species verification and iodine standardization prevent variability and thyroid risk,"Marine botanical (red algae) rich in polysaccharides, minerals, and iodine",science_research.xlsx (internal evidence file - needs_citation)
Sea Moss (Irish Moss),Unspecified “sea moss” blends without species identification,Reject,Species verification and iodine standardization prevent variability and thyroid risk,"Marine botanical (red algae) rich in polysaccharides, minerals, and iodine",science_research.xlsx (internal evidence file - needs_citation)
Sea Moss (Irish Moss),iodine/heavy-metal testing,Reject,Species verification and iodine standardization prevent variability and thyroid risk,"Marine botanical (red algae) rich in polysaccharides, minerals, and iodine",science_research.xlsx (internal evidence file - needs_citation)
Potassium,"Potassium citrate, potassium gluconate,",Superior,Citrate and gluconate forms are better tolerated and reduce GI irritation compared to chloride,Essential mineral / electrolyte micronutrient,science_research.xlsx (internal evidence file - needs_citation)
Potassium,potassium bicarbonate with declared elemental potassium content,Superior,Citrate and gluconate forms are better tolerated and reduce GI irritation compared to chloride,Essential mineral / electrolyte micronutrient,science_research.xlsx (internal evidence file - needs_citation)
Potassium,Potassium chloride,Acceptable,Citrate and gluconate forms are better tolerated and reduce GI irritation compared to chloride,Essential mineral / electrolyte micronutrient,science_research.xlsx (internal evidence file - needs_citation)
Potassium,mixed potassium salts used at low supplemental doses,Acceptable,Citrate and gluconate forms are better tolerated and reduce GI irritation compared to chloride,Essential mineral / electrolyte micronutrient,science_research.xlsx (internal evidence file - needs_citation)
Potassium,High-dose potassium chloride tablets without medical supervision,Reject,Citrate and gluconate forms are better tolerated and reduce GI irritation compared to chloride,Essential mineral / electrolyte micronutrient,science_research.xlsx (internal evidence file - needs_citation)
Potassium,unclear elemental potassium labeling,Reject,Citrate and gluconate forms are better tolerated and reduce GI irritation compared to chloride,Essential mineral / electrolyte micronutrient,science_research.xlsx (internal evidence file - needs_citation)
Copper,Copper bisglycinate (chelate),Superior,Chelated copper forms improve absorption and reduce gastrointestinal irritation,Essential trace mineral / micronutrient,science_research.xlsx (internal evidence file - needs_citation)
Copper,copper gluconate with clearly stated elemental copper content,Superior,Chelated copper forms improve absorption and reduce gastrointestinal irritation,Essential trace mineral / micronutrient,science_research.xlsx (internal evidence file - needs_citation)
Copper,Copper sulfate,Acceptable,Chelated copper forms improve absorption and reduce gastrointestinal irritation,Essential trace mineral / micronutrient,science_research.xlsx (internal evidence file - needs_citation)
Copper,"copper citrate used at low, well-controlled doses",Acceptable,Chelated copper forms improve absorption and reduce gastrointestinal irritation,Essential trace mineral / micronutrient,science_research.xlsx (internal evidence file - needs_citation)
Copper,High-dose copper oxide,Reject,Chelated copper forms improve absorption and reduce gastrointestinal irritation,Essential trace mineral / micronutrient,science_research.xlsx (internal evidence file - needs_citation)
Copper,products without declared elemental copper amount,Reject,Chelated copper forms improve absorption and reduce gastrointestinal irritation,Essential trace mineral / micronutrient,science_research.xlsx (internal evidence file - needs_citation)
Fulvic Acid,"Purified, low–molecular-weight fulvic acid extracted from leonardite",Superior,Purified fulvic acid improves mineral bioavailability while reducing heavy-metal exposure risk,Organic acid / humic substance–derived bioactive compound,science_research.xlsx (internal evidence file - needs_citation)
Fulvic Acid,humic shale with heavy-metal removal,Superior,Purified fulvic acid improves mineral bioavailability while reducing heavy-metal exposure risk,Organic acid / humic substance–derived bioactive compound,science_research.xlsx (internal evidence file - needs_citation)
Fulvic Acid,Fulvic acid liquids,Acceptable,Purified fulvic acid improves mineral bioavailability while reducing heavy-metal exposure risk,Organic acid / humic substance–derived bioactive compound,science_research.xlsx (internal evidence file - needs_citation)
Fulvic Acid,capsules with disclosed source and concentration,Acceptable,Purified fulvic acid improves mineral bioavailability while reducing heavy-metal exposure risk,Organic acid / humic substance–derived bioactive compound,science_research.xlsx (internal evidence file - needs_citation)
Fulvic Acid,Unpurified humic/fulvic blends without contaminant testing,Reject,Purified fulvic acid improves mineral bioavailability while reducing heavy-metal exposure risk,Organic acid / humic substance–derived bioactive compound,science_research.xlsx (internal evidence file - needs_citation)
Fulvic Acid,source disclosure,Reject,Purified fulvic acid improves mineral bioavailability while reducing heavy-metal exposure risk,Organic acid / humic substance–derived bioactive compound,science_research.xlsx (internal evidence file - needs_citation)
Astaxanthin,Natural astaxanthin extracted from Haematococcus pluvialis suspended in oil for enhanced bioavailability,Superior,Natural algal astaxanthin shows higher antioxidant activity and safety profile than synthetic forms,Carotenoid antioxidant / lipid-soluble phytonutrient,science_research.xlsx (internal evidence file - needs_citation)
Astaxanthin,Natural algal astaxanthin with declared mg potency per serving,Acceptable,Natural algal astaxanthin shows higher antioxidant activity and safety profile than synthetic forms,Carotenoid antioxidant / lipid-soluble phytonutrient,science_research.xlsx (internal evidence file - needs_citation)
Astaxanthin,Synthetic astaxanthin,Reject,Natural algal astaxanthin shows higher antioxidant activity and safety profile than synthetic forms,Carotenoid antioxidant / lipid-soluble phytonutrient,science_research.xlsx (internal evidence file - needs_citation)
Astaxanthin,products without source disclosure and oil carrier,Reject,Natural algal astaxanthin shows higher antioxidant activity and safety profile than synthetic forms,Carotenoid antioxidant / lipid-soluble phytonutrient,science_research.xlsx (internal evidence file - needs_citation)
Acetyl-L-Carnitine,Acetyl-L-carnitine HCl with declared purity (≥99%) and stereospecific L-form,Superior,Acetylated form crosses the blood–brain barrier more effectively than L-carnitine,Amino-acid–derived compound / mitochondrial co-factor,science_research.xlsx (internal evidence file - needs_citation)
Acetyl-L-Carnitine,Acetyl-L-carnitine capsules,Acceptable,Acetylated form crosses the blood–brain barrier more effectively than L-carnitine,Amino-acid–derived compound / mitochondrial co-factor,science_research.xlsx (internal evidence file - needs_citation)
Acetyl-L-Carnitine,powders with clear dosage disclosure,Acceptable,Acetylated form crosses the blood–brain barrier more effectively than L-carnitine,Amino-acid–derived compound / mitochondrial co-factor,science_research.xlsx (internal evidence file - needs_citation)
Acetyl-L-Carnitine,"Products with unspecified carnitine form, racemic mixtures,",Reject,Acetylated form crosses the blood–brain barrier more effectively than L-carnitine,Amino-acid–derived compound / mitochondrial co-factor,science_research.xlsx (internal evidence file - needs_citation)
Acetyl-L-Carnitine,unclear acetyl content,Reject,Acetylated form crosses the blood–brain barrier more effectively than L-carnitine,Amino-acid–derived compound / mitochondrial co-factor,science_research.xlsx (internal evidence file - needs_citation)
Lactoferrin,Highly purified bovine lactoferrin (≥95% purity) with low iron saturation and intact protein structure,Superior,"High-purity intact lactoferrin retains antimicrobial, antiviral, and iron-modulating activity",Bioactive milk protein / iron-binding glycoprotein,science_research.xlsx (internal evidence file - needs_citation)
Lactoferrin,Bovine lactoferrin powders,Acceptable,"High-purity intact lactoferrin retains antimicrobial, antiviral, and iron-modulating activity",Bioactive milk protein / iron-binding glycoprotein,science_research.xlsx (internal evidence file - needs_citation)
Lactoferrin,capsules with declared mg content and dairy source,Acceptable,"High-purity intact lactoferrin retains antimicrobial, antiviral, and iron-modulating activity",Bioactive milk protein / iron-binding glycoprotein,science_research.xlsx (internal evidence file - needs_citation)
Lactoferrin,Partially hydrolysed lactoferrin,Reject,"High-purity intact lactoferrin retains antimicrobial, antiviral, and iron-modulating activity",Bioactive milk protein / iron-binding glycoprotein,science_research.xlsx (internal evidence file - needs_citation)
Lactoferrin,"products without purity, source,",Reject,"High-purity intact lactoferrin retains antimicrobial, antiviral, and iron-modulating activity",Bioactive milk protein / iron-binding glycoprotein,science_research.xlsx (internal evidence file - needs_citation)
Lactoferrin,iron-saturation disclosure,Reject,"High-purity intact lactoferrin retains antimicrobial, antiviral, and iron-modulating activity",Bioactive milk protein / iron-binding glycoprotein,science_research.xlsx (internal evidence file - needs_citation)
Nutritional Yeast,Fortified nutritional yeast with clearly declared amounts of B12 (cyanocobalamin,Superior,"Fortification ensures reliable B12 intake, which unfortified yeast cannot consistently provide",Inactivated yeast / whole-food micronutrient source,science_research.xlsx (internal evidence file - needs_citation)
Nutritional Yeast,methylcobalamin) and other B-vitamins,Superior,"Fortification ensures reliable B12 intake, which unfortified yeast cannot consistently provide",Inactivated yeast / whole-food micronutrient source,science_research.xlsx (internal evidence file - needs_citation)
Nutritional Yeast,Unfortified nutritional yeast providing natural B-vitamins (excluding reliable B12),Acceptable,"Fortification ensures reliable B12 intake, which unfortified yeast cannot consistently provide",Inactivated yeast / whole-food micronutrient source,science_research.xlsx (internal evidence file - needs_citation)
Nutritional Yeast,Products claiming “natural B12” without fortification,Reject,"Fortification ensures reliable B12 intake, which unfortified yeast cannot consistently provide",Inactivated yeast / whole-food micronutrient source,science_research.xlsx (internal evidence file - needs_citation)
Nutritional Yeast,verified B12 analysis,Reject,"Fortification ensures reliable B12 intake, which unfortified yeast cannot consistently provide",Inactivated yeast / whole-food micronutrient source,science_research.xlsx (internal evidence file - needs_citation)
Hemp Oil,"Cold-pressed, unrefined hemp seed oil with declared fatty-acid profile and THC-free certification",Superior,Cold-pressed hemp seed oil preserves essential fatty acids and avoids cannabinoid contamination,Botanical seed oil / essential fatty acid source (omega-6 & omega-3),science_research.xlsx (internal evidence file - needs_citation)
Hemp Oil,Refined hemp seed oil with labelled omega-6:omega-3 ratio,Acceptable,Cold-pressed hemp seed oil preserves essential fatty acids and avoids cannabinoid contamination,Botanical seed oil / essential fatty acid source (omega-6 & omega-3),science_research.xlsx (internal evidence file - needs_citation)
Hemp Oil,Products confusing hemp seed oil with CBD/hemp extract,Reject,Cold-pressed hemp seed oil preserves essential fatty acids and avoids cannabinoid contamination,Botanical seed oil / essential fatty acid source (omega-6 & omega-3),science_research.xlsx (internal evidence file - needs_citation)
Hemp Oil,lacking THC testing,Reject,Cold-pressed hemp seed oil preserves essential fatty acids and avoids cannabinoid contamination,Botanical seed oil / essential fatty acid source (omega-6 & omega-3),science_research.xlsx (internal evidence file - needs_citation)
Sea Buckthorn Oil,Cold-pressed sea buckthorn seed + pulp oil with declared omega-7 (palmitoleic acid) and antioxidant profile,Superior,"Cold-pressed oils retain a balanced omega-7/omega-3/omega-6 profile and intact antioxidants, improving bioactivity",Botanical seed and pulp oil blend / essential fatty-acid and antioxidant supplement,science_research.xlsx (internal evidence file - needs_citation)
Sea Buckthorn Oil,Refined sea buckthorn oil with labelled amounts of fatty acids and tocopherols,Acceptable,"Cold-pressed oils retain a balanced omega-7/omega-3/omega-6 profile and intact antioxidants, improving bioactivity",Botanical seed and pulp oil blend / essential fatty-acid and antioxidant supplement,science_research.xlsx (internal evidence file - needs_citation)
Sea Buckthorn Oil,"Products without species identification, no fatty-acid profile,",Reject,"Cold-pressed oils retain a balanced omega-7/omega-3/omega-6 profile and intact antioxidants, improving bioactivity",Botanical seed and pulp oil blend / essential fatty-acid and antioxidant supplement,science_research.xlsx (internal evidence file - needs_citation)
Sea Buckthorn Oil,blended with unrelated cheap oils,Reject,"Cold-pressed oils retain a balanced omega-7/omega-3/omega-6 profile and intact antioxidants, improving bioactivity",Botanical seed and pulp oil blend / essential fatty-acid and antioxidant supplement,science_research.xlsx (internal evidence file - needs_citation)
Fenugreek,Standardized fenugreek seed extract with specified ≥50% saponins,Superior,Standardized extracts ensure consistent saponin/fibre content linked to physiological effects,"Herbal seed extract / phytotherapeutic supplement containing saponins, fibre, and phytoestrogens",science_research.xlsx (internal evidence file - needs_citation)
Fenugreek,≥20% soluble fibre,Superior,Standardized extracts ensure consistent saponin/fibre content linked to physiological effects,"Herbal seed extract / phytotherapeutic supplement containing saponins, fibre, and phytoestrogens",science_research.xlsx (internal evidence file - needs_citation)
Fenugreek,Whole-seed powder,Acceptable,Standardized extracts ensure consistent saponin/fibre content linked to physiological effects,"Herbal seed extract / phytotherapeutic supplement containing saponins, fibre, and phytoestrogens",science_research.xlsx (internal evidence file - needs_citation)
Fenugreek,non-standardized extracts with clear botanical identity,Acceptable,Standardized extracts ensure consistent saponin/fibre content linked to physiological effects,"Herbal seed extract / phytotherapeutic supplement containing saponins, fibre, and phytoestrogens",science_research.xlsx (internal evidence file - needs_citation)
Fenugreek,"Products without species disclosure, no standardization,",Reject,Standardized extracts ensure consistent saponin/fibre content linked to physiological effects,"Herbal seed extract / phytotherapeutic supplement containing saponins, fibre, and phytoestrogens",science_research.xlsx (internal evidence file - needs_citation)
Fenugreek,blended with cheap fillers,Reject,Standardized extracts ensure consistent saponin/fibre content linked to physiological effects,"Herbal seed extract / phytotherapeutic supplement containing saponins, fibre, and phytoestrogens",science_research.xlsx (internal evidence file - needs_citation)
D-Mannose,Pure D-mannose powder,Superior,Pure D-mannose maximizes urinary excretion to potentially help prevent bacterial adhesion,Simple monosaccharide / urinary health supplement,science_research.xlsx (internal evidence file - needs_citation)
D-Mannose,capsules with ≥99% purity and no added sugars,Superior,Pure D-mannose maximizes urinary excretion to potentially help prevent bacterial adhesion,Simple monosaccharide / urinary health supplement,science_research.xlsx (internal evidence file - needs_citation)
D-Mannose,fillers,Superior,Pure D-mannose maximizes urinary excretion to potentially help prevent bacterial adhesion,Simple monosaccharide / urinary health supplement,science_research.xlsx (internal evidence file - needs_citation)
D-Mannose,D-mannose combined with inert excipients for flow and capsule filling,Acceptable,Pure D-mannose maximizes urinary excretion to potentially help prevent bacterial adhesion,Simple monosaccharide / urinary health supplement,science_research.xlsx (internal evidence file - needs_citation)
D-Mannose,"Blends with high sugar, artificial sweeteners,",Reject,Pure D-mannose maximizes urinary excretion to potentially help prevent bacterial adhesion,Simple monosaccharide / urinary health supplement,science_research.xlsx (internal evidence file - needs_citation)
D-Mannose,unclear D-mannose content,Reject,Pure D-mannose maximizes urinary excretion to potentially help prevent bacterial adhesion,Simple monosaccharide / urinary health supplement,science_research.xlsx (internal evidence file - needs_citation)
Green Tea Extract,"Standardised green tea extract with defined EGCG content (30–60%), low caffeine, and full catechin profile",Superior,Standardisation ensures consistent catechin intake while reducing liver-toxicity risk associated with excessive EGCG,Botanical polyphenol extract / antioxidant phytonutrient supplement,science_research.xlsx (internal evidence file - needs_citation)
Green Tea Extract,Non-standardised green tea extract with declared total polyphenol,Acceptable,Standardisation ensures consistent catechin intake while reducing liver-toxicity risk associated with excessive EGCG,Botanical polyphenol extract / antioxidant phytonutrient supplement,science_research.xlsx (internal evidence file - needs_citation)
Green Tea Extract,catechin content,Acceptable,Standardisation ensures consistent catechin intake while reducing liver-toxicity risk associated with excessive EGCG,Botanical polyphenol extract / antioxidant phytonutrient supplement,science_research.xlsx (internal evidence file - needs_citation)
Green Tea Extract,"High-EGCG concentrates without dosing guidance, unclear caffeine content,",Reject,Standardisation ensures consistent catechin intake while reducing liver-toxicity risk associated with excessive EGCG,Botanical polyphenol extract / antioxidant phytonutrient supplement,science_research.xlsx (internal evidence file - needs_citation)
Green Tea Extract,no liver-safety warnings,Reject,Standardisation ensures consistent catechin intake while reducing liver-toxicity risk associated with excessive EGCG,Botanical polyphenol extract / antioxidant phytonutrient supplement,science_research.xlsx (internal evidence file - needs_citation)
Soy Isolate Protein,"Non-GMO soy protein isolate with ≥90% protein content, low residual solvents, and full amino-acid profile disclosure",Superior,High protein purity and complete amino-acid profile (including leucine) supports muscle maintenance comparable to animal proteins,Isolated plant protein / macronutrient supplement,science_research.xlsx (internal evidence file - needs_citation)
Soy Isolate Protein,Standard soy protein isolate with declared protein percentage and allergen labelling,Acceptable,High protein purity and complete amino-acid profile (including leucine) supports muscle maintenance comparable to animal proteins,Isolated plant protein / macronutrient supplement,science_research.xlsx (internal evidence file - needs_citation)
Soy Isolate Protein,"Highly processed isolates with chemical solvent residues, poor flavour masking,",Reject,High protein purity and complete amino-acid profile (including leucine) supports muscle maintenance comparable to animal proteins,Isolated plant protein / macronutrient supplement,science_research.xlsx (internal evidence file - needs_citation)
Soy Isolate Protein,protein spiking,Reject,High protein purity and complete amino-acid profile (including leucine) supports muscle maintenance comparable to animal proteins,Isolated plant protein / macronutrient supplement,science_research.xlsx (internal evidence file - needs_citation)
Elderberry (Sambucus),Standardised elderberry extract from ripe Sambucus nigra berries with defined anthocyanin content,Superior,Standardisation ensures consistent anthocyanin levels linked to antioxidant and immune activity,Botanical fruit extract / polyphenol-rich immune support,science_research.xlsx (internal evidence file - needs_citation)
Elderberry (Sambucus),Juice concentrates,Acceptable,Standardisation ensures consistent anthocyanin levels linked to antioxidant and immune activity,Botanical fruit extract / polyphenol-rich immune support,science_research.xlsx (internal evidence file - needs_citation)
Elderberry (Sambucus),extracts clearly labelled with berry source and extraction ratio,Acceptable,Standardisation ensures consistent anthocyanin levels linked to antioxidant and immune activity,Botanical fruit extract / polyphenol-rich immune support,science_research.xlsx (internal evidence file - needs_citation)
Elderberry (Sambucus),"Products using unripe berries, unspecified Sambucus species,",Reject,Standardisation ensures consistent anthocyanin levels linked to antioxidant and immune activity,Botanical fruit extract / polyphenol-rich immune support,science_research.xlsx (internal evidence file - needs_citation)
Elderberry (Sambucus),no standardisation,Reject,Standardisation ensures consistent anthocyanin levels linked to antioxidant and immune activity,Botanical fruit extract / polyphenol-rich immune support,science_research.xlsx (internal evidence file - needs_citation)
Beta-Alanine,Sustained-release,Superior,Sustained-release forms reduce paraesthesia (tingling) while maintaining carnosine-loading benefits,Amino acid / sports performance supplement,science_research.xlsx (internal evidence file - needs_citation)
Beta-Alanine,time-release beta-alanine with declared purity and dosage,Superior,Sustained-release forms reduce paraesthesia (tingling) while maintaining carnosine-loading benefits,Amino acid / sports performance supplement,science_research.xlsx (internal evidence file - needs_citation)
Beta-Alanine,Pure beta-alanine powder,Acceptable,Sustained-release forms reduce paraesthesia (tingling) while maintaining carnosine-loading benefits,Amino acid / sports performance supplement,science_research.xlsx (internal evidence file - needs_citation)
Beta-Alanine,capsules with clear labelling and dosing instructions,Acceptable,Sustained-release forms reduce paraesthesia (tingling) while maintaining carnosine-loading benefits,Amino acid / sports performance supplement,science_research.xlsx (internal evidence file - needs_citation)
Beta-Alanine,Pre-workout blends with undisclosed beta-alanine dose,Reject,Sustained-release forms reduce paraesthesia (tingling) while maintaining carnosine-loading benefits,Amino acid / sports performance supplement,science_research.xlsx (internal evidence file - needs_citation)
Beta-Alanine,excessive stimulants,Reject,Sustained-release forms reduce paraesthesia (tingling) while maintaining carnosine-loading benefits,Amino acid / sports performance supplement,science_research.xlsx (internal evidence file - needs_citation)
MCT C8 Oil,100% C8 (caprylic acid) oil with verified fatty-acid profile and no C10/C12 dilution,Superior,"Pure C8 is rapidly absorbed and converted into ketones, providing faster energy than mixed MCTs",Medium-chain triglyceride (fatty acid lipid) / ketogenic energy supplement,science_research.xlsx (internal evidence file - needs_citation)
MCT C8 Oil,MCT oil blends containing C8 + C10 with declared fatty-acid percentages,Acceptable,"Pure C8 is rapidly absorbed and converted into ketones, providing faster energy than mixed MCTs",Medium-chain triglyceride (fatty acid lipid) / ketogenic energy supplement,science_research.xlsx (internal evidence file - needs_citation)
MCT C8 Oil,Mixed MCT oils dominated by C12 (lauric acid),Reject,"Pure C8 is rapidly absorbed and converted into ketones, providing faster energy than mixed MCTs",Medium-chain triglyceride (fatty acid lipid) / ketogenic energy supplement,science_research.xlsx (internal evidence file - needs_citation)
MCT C8 Oil,products without fatty-acid breakdown,Reject,"Pure C8 is rapidly absorbed and converted into ketones, providing faster energy than mixed MCTs",Medium-chain triglyceride (fatty acid lipid) / ketogenic energy supplement,science_research.xlsx (internal evidence file - needs_citation)
Tyrosine,L-Tyrosine (free-form) with declared purity (≥99%) and clearly stated dose,Superior,"Pure L-Tyrosine supports consistent dopamine, norepinephrine, and epinephrine synthesis during stress",Amino acid / neurotransmitter precursor supplement,science_research.xlsx (internal evidence file - needs_citation)
Tyrosine,L-Tyrosine capsules,Acceptable,"Pure L-Tyrosine supports consistent dopamine, norepinephrine, and epinephrine synthesis during stress",Amino acid / neurotransmitter precursor supplement,science_research.xlsx (internal evidence file - needs_citation)
Tyrosine,powders with minimal excipients and transparent labelling,Acceptable,"Pure L-Tyrosine supports consistent dopamine, norepinephrine, and epinephrine synthesis during stress",Amino acid / neurotransmitter precursor supplement,science_research.xlsx (internal evidence file - needs_citation)
Tyrosine,Proprietary blends masking tyrosine dose,Reject,"Pure L-Tyrosine supports consistent dopamine, norepinephrine, and epinephrine synthesis during stress",Amino acid / neurotransmitter precursor supplement,science_research.xlsx (internal evidence file - needs_citation)
Tyrosine,products using DL-tyrosine mixtures,Reject,"Pure L-Tyrosine supports consistent dopamine, norepinephrine, and epinephrine synthesis during stress",Amino acid / neurotransmitter precursor supplement,science_research.xlsx (internal evidence file - needs_citation)
Nicotinamide,Pure nicotinamide (niacinamide) with declared dosage and no flushing agents,Superior,Nicotinamide supports NAD⁺ synthesis without causing the flushing commonly associated with niacin,Vitamin (B-complex) / NAD⁺ precursor micronutrient,science_research.xlsx (internal evidence file - needs_citation)
Nicotinamide,Nicotinamide tablets,Acceptable,Nicotinamide supports NAD⁺ synthesis without causing the flushing commonly associated with niacin,Vitamin (B-complex) / NAD⁺ precursor micronutrient,science_research.xlsx (internal evidence file - needs_citation)
Nicotinamide,capsules with clear labelling and dosage disclosure,Acceptable,Nicotinamide supports NAD⁺ synthesis without causing the flushing commonly associated with niacin,Vitamin (B-complex) / NAD⁺ precursor micronutrient,science_research.xlsx (internal evidence file - needs_citation)
Nicotinamide,Products confusing nicotinamide with nicotinic acid (niacin),Reject,Nicotinamide supports NAD⁺ synthesis without causing the flushing commonly associated with niacin,Vitamin (B-complex) / NAD⁺ precursor micronutrient,science_research.xlsx (internal evidence file - needs_citation)
Nicotinamide,using mixed B3 forms without disclosure,Reject,Nicotinamide supports NAD⁺ synthesis without causing the flushing commonly associated with niacin,Vitamin (B-complex) / NAD⁺ precursor micronutrient,science_research.xlsx (internal evidence file - needs_citation)
Milk Thistle (Silymarin),Standardised milk thistle extract containing 70–80% silymarin from seeds with declared extraction ratio,Superior,Standardisation ensures consistent silymarin levels associated with antioxidant and hepatoprotective activity,Botanical seed extract / flavonolignan complex (silymarin),science_research.xlsx (internal evidence file - needs_citation)
Milk Thistle (Silymarin),Non-standardised milk thistle seed extracts with clear botanical identification,Acceptable,Standardisation ensures consistent silymarin levels associated with antioxidant and hepatoprotective activity,Botanical seed extract / flavonolignan complex (silymarin),science_research.xlsx (internal evidence file - needs_citation)
Milk Thistle (Silymarin),"Products without silymarin standardisation, mixed plant parts,",Reject,Standardisation ensures consistent silymarin levels associated with antioxidant and hepatoprotective activity,Botanical seed extract / flavonolignan complex (silymarin),science_research.xlsx (internal evidence file - needs_citation)
Milk Thistle (Silymarin),unclear species labelling,Reject,Standardisation ensures consistent silymarin levels associated with antioxidant and hepatoprotective activity,Botanical seed extract / flavonolignan complex (silymarin),science_research.xlsx (internal evidence file - needs_citation)
Chlorophyll,"Sodium copper chlorophyllin (SCC) — semi-synthetic, water-soluble copper-substituted chlorophyll derivative with improved stability and bioavailability. This is the form used in most clinical studies and is preferable to natural chlorophyll extracts for standardised supplementation",Superior,"Chlorophyllin is more stable, bioavailable, and consistently dosed compared to natural chlorophyll",Plant pigment / porphyrin compound (often used as chlorophyllin in supplements),science_research.xlsx (internal evidence file - needs_citation)
Chlorophyll,Natural chlorophyll extracts from alfalfa,Acceptable,"Chlorophyllin is more stable, bioavailable, and consistently dosed compared to natural chlorophyll",Plant pigment / porphyrin compound (often used as chlorophyllin in supplements),science_research.xlsx (internal evidence file - needs_citation)
Chlorophyll,spinach with declared concentration,Acceptable,"Chlorophyllin is more stable, bioavailable, and consistently dosed compared to natural chlorophyll",Plant pigment / porphyrin compound (often used as chlorophyllin in supplements),science_research.xlsx (internal evidence file - needs_citation)
Chlorophyll,Crude plant powders,Reject,"Chlorophyllin is more stable, bioavailable, and consistently dosed compared to natural chlorophyll",Plant pigment / porphyrin compound (often used as chlorophyllin in supplements),science_research.xlsx (internal evidence file - needs_citation)
Chlorophyll,liquids with undefined chlorophyll content and no standardisation,Reject,"Chlorophyllin is more stable, bioavailable, and consistently dosed compared to natural chlorophyll",Plant pigment / porphyrin compound (often used as chlorophyllin in supplements),science_research.xlsx (internal evidence file - needs_citation)
Curcumin (Longvida),Longvida® curcumin using solid-lipid particle technology to enhance absorption and tissue penetration,Superior,Raw turmeric powders with low curcumin content and no bioavailability enhancement,Botanical polyphenol extract / antioxidant and anti-inflammatory phytonutrient,science_research.xlsx (internal evidence file - needs_citation)
Curcumin (Longvida),Standard curcumin extracts with piperine,Acceptable,Raw turmeric powders with low curcumin content and no bioavailability enhancement,Botanical polyphenol extract / antioxidant and anti-inflammatory phytonutrient,science_research.xlsx (internal evidence file - needs_citation)
Curcumin (Longvida),phospholipid formulations to enhance uptake,Acceptable,Raw turmeric powders with low curcumin content and no bioavailability enhancement,Botanical polyphenol extract / antioxidant and anti-inflammatory phytonutrient,science_research.xlsx (internal evidence file - needs_citation)
Curcumin (Longvida),Raw turmeric powders with low curcumin content and no bioavailability enhancement,Reject,Raw turmeric powders with low curcumin content and no bioavailability enhancement,Botanical polyphenol extract / antioxidant and anti-inflammatory phytonutrient,science_research.xlsx (internal evidence file - needs_citation)
Lutein/Zeaxanthin,Standardised lutein (10–20 mg) plus zeaxanthin (2–4 mg) with clear mg per serving and meso-zeaxanthin options,Superior,Combination lutein + zeaxanthin (and optionally meso-zeaxanthin) better supports macular pigment optical density,Carotenoid antioxidants / phytonutrient eye health supplements,science_research.xlsx (internal evidence file - needs_citation)
Lutein/Zeaxanthin,Lutein,Acceptable,Combination lutein + zeaxanthin (and optionally meso-zeaxanthin) better supports macular pigment optical density,Carotenoid antioxidants / phytonutrient eye health supplements,science_research.xlsx (internal evidence file - needs_citation)
Lutein/Zeaxanthin,zeaxanthin alone with declared dose and source,Acceptable,Combination lutein + zeaxanthin (and optionally meso-zeaxanthin) better supports macular pigment optical density,Carotenoid antioxidants / phytonutrient eye health supplements,science_research.xlsx (internal evidence file - needs_citation)
Lutein/Zeaxanthin,Low-dose products (<5 mg lutein) without zeaxanthin and unclear bioavailability,Reject,Combination lutein + zeaxanthin (and optionally meso-zeaxanthin) better supports macular pigment optical density,Carotenoid antioxidants / phytonutrient eye health supplements,science_research.xlsx (internal evidence file - needs_citation)
Lavender Oil (Oral),Standardised oral extracts like Silexan® with verified linalool/linalyl acetate content and documented tolerability,Superior,Standardised extracts ensure predictable linalool/linalyl acetate levels associated with clinical benefit and fewer GI/other side effects,Botanical essential oil / aromatic phytonutrient supplement,science_research.xlsx (internal evidence file - needs_citation)
Lavender Oil (Oral),Lavender oil capsules with declared botanical source and extraction method,Acceptable,Standardised extracts ensure predictable linalool/linalyl acetate levels associated with clinical benefit and fewer GI/other side effects,Botanical essential oil / aromatic phytonutrient supplement,science_research.xlsx (internal evidence file - needs_citation)
Lavender Oil (Oral),Raw essential oil without dosage standardisation,Reject,Standardised extracts ensure predictable linalool/linalyl acetate levels associated with clinical benefit and fewer GI/other side effects,Botanical essential oil / aromatic phytonutrient supplement,science_research.xlsx (internal evidence file - needs_citation)
Lavender Oil (Oral),mixed herb blends without clear lavender content,Reject,Standardised extracts ensure predictable linalool/linalyl acetate levels associated with clinical benefit and fewer GI/other side effects,Botanical essential oil / aromatic phytonutrient supplement,science_research.xlsx (internal evidence file - needs_citation)
Bifidobacterium lactis,"Clinically studied B. lactis strains (e.g., B. lactis HN019, BB-12®) with verified viable CFU counts at expiry",Superior,Verified CFU and strain identity ensure reproducible gut colonisation and clinical benefits,Probiotic culture / live microbial supplement,science_research.xlsx (internal evidence file - needs_citation)
Bifidobacterium lactis,Probiotic blends with declared CFU of B. lactis and clear strain identification,Acceptable,Verified CFU and strain identity ensure reproducible gut colonisation and clinical benefits,Probiotic culture / live microbial supplement,science_research.xlsx (internal evidence file - needs_citation)
Bifidobacterium lactis,"Products with low CFU, undeclared strains,",Reject,Verified CFU and strain identity ensure reproducible gut colonisation and clinical benefits,Probiotic culture / live microbial supplement,science_research.xlsx (internal evidence file - needs_citation)
Bifidobacterium lactis,no expiry viability guarantee,Reject,Verified CFU and strain identity ensure reproducible gut colonisation and clinical benefits,Probiotic culture / live microbial supplement,science_research.xlsx (internal evidence file - needs_citation)
Aloe Vera Juice,"Decolorised, purified inner-leaf aloe vera juice with certified low aloin content (<10 ppm)",Superior,Whole-leaf aloe products or juices without aloin removal or safety certification,Botanical leaf juice / polysaccharide-rich digestive support supplement,science_research.xlsx (internal evidence file - needs_citation)
Aloe Vera Juice,Commercially stabilised inner-leaf aloe vera gel/juice with >10 ppm aloin (<10 ppm certified safe) and clearly labelled concentration ratio. Products with 1:1 inner-leaf juice from reputable suppliers are acceptable provided aloin testing is verified,Acceptable,Whole-leaf aloe products or juices without aloin removal or safety certification,Botanical leaf juice / polysaccharide-rich digestive support supplement,science_research.xlsx (internal evidence file - needs_citation)
Aloe Vera Juice,Stabilised aloe vera juice,Reject,Whole-leaf aloe products or juices without aloin removal or safety certification,Botanical leaf juice / polysaccharide-rich digestive support supplement,science_research.xlsx (internal evidence file - needs_citation)
Aloe Vera Juice,concentrates with clear inner-leaf labelling and aloin testing,Reject,Whole-leaf aloe products or juices without aloin removal or safety certification,Botanical leaf juice / polysaccharide-rich digestive support supplement,science_research.xlsx (internal evidence file - needs_citation)
Chondroitin Sulfate,Pharmaceutical-grade chondroitin sulfate (CS-A,Superior,Higher purity and correct sulfation pattern improve bioactivity and consistency in joint support,Glycosaminoglycan / joint-health nutraceutical,science_research.xlsx (internal evidence file - needs_citation)
Chondroitin Sulfate,CS-C) with verified molecular weight and purity,Superior,Higher purity and correct sulfation pattern improve bioactivity and consistency in joint support,Glycosaminoglycan / joint-health nutraceutical,science_research.xlsx (internal evidence file - needs_citation)
Chondroitin Sulfate,"Chondroitin sulfate derived from bovine, porcine,",Acceptable,Higher purity and correct sulfation pattern improve bioactivity and consistency in joint support,Glycosaminoglycan / joint-health nutraceutical,science_research.xlsx (internal evidence file - needs_citation)
Chondroitin Sulfate,marine sources with declared sulfate content,Acceptable,Higher purity and correct sulfation pattern improve bioactivity and consistency in joint support,Glycosaminoglycan / joint-health nutraceutical,science_research.xlsx (internal evidence file - needs_citation)
Chondroitin Sulfate,"Low-purity chondroitin, undersulfated material,",Reject,Higher purity and correct sulfation pattern improve bioactivity and consistency in joint support,Glycosaminoglycan / joint-health nutraceutical,science_research.xlsx (internal evidence file - needs_citation)
Chondroitin Sulfate,products without source and potency disclosure,Reject,Higher purity and correct sulfation pattern improve bioactivity and consistency in joint support,Glycosaminoglycan / joint-health nutraceutical,science_research.xlsx (internal evidence file - needs_citation)
Fennel Seed,Standardised fennel seed extract with declared volatile-oil (anethole) content and correct botanical identification,Superior,Standardisation ensures consistent anethole levels linked to antispasmodic and carminative effects,Botanical seed / volatile-oil–rich digestive herb,science_research.xlsx (internal evidence file - needs_citation)
Fennel Seed,Whole,Acceptable,Standardisation ensures consistent anethole levels linked to antispasmodic and carminative effects,Botanical seed / volatile-oil–rich digestive herb,science_research.xlsx (internal evidence file - needs_citation)
Fennel Seed,crushed fennel seeds and non-standardised extracts with clear plant-part labelling,Acceptable,Standardisation ensures consistent anethole levels linked to antispasmodic and carminative effects,Botanical seed / volatile-oil–rich digestive herb,science_research.xlsx (internal evidence file - needs_citation)
Fennel Seed,"Products using unspecified plant parts, low-aroma material,",Reject,Standardisation ensures consistent anethole levels linked to antispasmodic and carminative effects,Botanical seed / volatile-oil–rich digestive herb,science_research.xlsx (internal evidence file - needs_citation)
Fennel Seed,lacking identity testing,Reject,Standardisation ensures consistent anethole levels linked to antispasmodic and carminative effects,Botanical seed / volatile-oil–rich digestive herb,science_research.xlsx (internal evidence file - needs_citation)
Ceramides,"Plant-derived ceramides (e.g., wheat, rice, konjac) with standardised ceramide content and bioavailability data",Superior,Legal in the UK as a food supplement when derived from approved food sources and correctly labelled,Bioactive lipid / sphingolipid skin-health supplement,science_research.xlsx (internal evidence file - needs_citation)
Ceramides,Rice-,Acceptable,Legal in the UK as a food supplement when derived from approved food sources and correctly labelled,Bioactive lipid / sphingolipid skin-health supplement,science_research.xlsx (internal evidence file - needs_citation)
Ceramides,wheat-derived ceramide extracts with declared mg dosage,Acceptable,Legal in the UK as a food supplement when derived from approved food sources and correctly labelled,Bioactive lipid / sphingolipid skin-health supplement,science_research.xlsx (internal evidence file - needs_citation)
Ceramides,Low-dose blends with unspecified ceramide source,Reject,Legal in the UK as a food supplement when derived from approved food sources and correctly labelled,Bioactive lipid / sphingolipid skin-health supplement,science_research.xlsx (internal evidence file - needs_citation)
Ceramides,cosmetic-grade ingredients repurposed for oral use,Reject,Legal in the UK as a food supplement when derived from approved food sources and correctly labelled,Bioactive lipid / sphingolipid skin-health supplement,science_research.xlsx (internal evidence file - needs_citation)
Maca Root,Gelatinised maca root powder,Superior,Gelatinisation improves tolerance and reduces GI discomfort while maintaining macaenes and macamides,Botanical root / adaptogenic plant supplement,science_research.xlsx (internal evidence file - needs_citation)
Maca Root,"extract, which removes starches and improves digestibility while retaining bioactives",Superior,Gelatinisation improves tolerance and reduces GI discomfort while maintaining macaenes and macamides,Botanical root / adaptogenic plant supplement,science_research.xlsx (internal evidence file - needs_citation)
Maca Root,"Dried maca root powder with clear colour/type specification (yellow, red, black maca)",Acceptable,Gelatinisation improves tolerance and reduces GI discomfort while maintaining macaenes and macamides,Botanical root / adaptogenic plant supplement,science_research.xlsx (internal evidence file - needs_citation)
Maca Root,"Raw, non-gelatinised maca with no origin disclosure",Reject,Gelatinisation improves tolerance and reduces GI discomfort while maintaining macaenes and macamides,Botanical root / adaptogenic plant supplement,science_research.xlsx (internal evidence file - needs_citation)
Maca Root,mixed root adulteration,Reject,Gelatinisation improves tolerance and reduces GI discomfort while maintaining macaenes and macamides,Botanical root / adaptogenic plant supplement,science_research.xlsx (internal evidence file - needs_citation)
Glucosamine Sulfate,"Crystalline glucosamine sulfate (CGSC, e.g., Rottapharm/patent form used in RCTs): pGOS (pharmaceutical-grade glucosamine sulfate) stabilised with sodium",Superior,Sulfate form provides bioavailable glucosamine and sulfate ions needed for cartilage matrix synthesis,Amino sugar / joint-health nutraceutical,science_research.xlsx (internal evidence file - needs_citation)
Glucosamine Sulfate,"potassium chloride. This specific patent preparation was used in GAIT, GUIDE, and LEGS trials showing modest joint pain benefit",Superior,Sulfate form provides bioavailable glucosamine and sulfate ions needed for cartilage matrix synthesis,Amino sugar / joint-health nutraceutical,science_research.xlsx (internal evidence file - needs_citation)
Glucosamine Sulfate,Glucosamine sulfate (stabilised sodium,Acceptable,Sulfate form provides bioavailable glucosamine and sulfate ions needed for cartilage matrix synthesis,Amino sugar / joint-health nutraceutical,science_research.xlsx (internal evidence file - needs_citation)
Glucosamine Sulfate,"potassium salt, non-crystalline) from pharmaceutical-grade manufacturing with verified sulfate content. Second-line to crystalline GS but commonly used in combination joint products",Acceptable,Sulfate form provides bioavailable glucosamine and sulfate ions needed for cartilage matrix synthesis,Amino sugar / joint-health nutraceutical,science_research.xlsx (internal evidence file - needs_citation)
Glucosamine Sulfate,Crystalline glucosamine sulfate,Reject,Sulfate form provides bioavailable glucosamine and sulfate ions needed for cartilage matrix synthesis,Amino sugar / joint-health nutraceutical,science_research.xlsx (internal evidence file - needs_citation)
Glucosamine Sulfate,combination products clearly stating sulfate form,Reject,Sulfate form provides bioavailable glucosamine and sulfate ions needed for cartilage matrix synthesis,Amino sugar / joint-health nutraceutical,science_research.xlsx (internal evidence file - needs_citation)
Royal Jelly,Freeze-dried (lyophilised) royal jelly with standardised 10-HDA (10-hydroxy-2-decenoic acid) content,Superior,"Freeze-drying preserves bioactive proteins, fatty acids (10-HDA), and enzymes while improving shelf stability",Bee-derived bioactive substance / functional food supplement,science_research.xlsx (internal evidence file - needs_citation)
Royal Jelly,Fresh,Acceptable,"Freeze-drying preserves bioactive proteins, fatty acids (10-HDA), and enzymes while improving shelf stability",Bee-derived bioactive substance / functional food supplement,science_research.xlsx (internal evidence file - needs_citation)
Royal Jelly,"encapsulated royal jelly with declared origin, storage conditions, and batch testing",Acceptable,"Freeze-drying preserves bioactive proteins, fatty acids (10-HDA), and enzymes while improving shelf stability",Bee-derived bioactive substance / functional food supplement,science_research.xlsx (internal evidence file - needs_citation)
Royal Jelly,Heat-processed,Reject,"Freeze-drying preserves bioactive proteins, fatty acids (10-HDA), and enzymes while improving shelf stability",Bee-derived bioactive substance / functional food supplement,science_research.xlsx (internal evidence file - needs_citation)
Royal Jelly,diluted royal jelly products without 10-HDA standardisation,Reject,"Freeze-drying preserves bioactive proteins, fatty acids (10-HDA), and enzymes while improving shelf stability",Bee-derived bioactive substance / functional food supplement,science_research.xlsx (internal evidence file - needs_citation)
Royal Jelly,authenticity testing,Reject,"Freeze-drying preserves bioactive proteins, fatty acids (10-HDA), and enzymes while improving shelf stability",Bee-derived bioactive substance / functional food supplement,science_research.xlsx (internal evidence file - needs_citation)
Collagen Type II,Undenatured Type II Collagen (UC-II®) with preserved native structure and clinical validation,Superior,"Undenatured Type II works via oral immune tolerance, requiring much lower doses than hydrolysed collagen",Structural protein / joint-health nutraceutical,science_research.xlsx (internal evidence file - needs_citation)
Collagen Type II,"Hydrolysed collagen blends that clearly specify Type II source, though less targeted than UC-II",Acceptable,"Undenatured Type II works via oral immune tolerance, requiring much lower doses than hydrolysed collagen",Structural protein / joint-health nutraceutical,science_research.xlsx (internal evidence file - needs_citation)
Collagen Type II,Generic collagen powders,Reject,"Undenatured Type II works via oral immune tolerance, requiring much lower doses than hydrolysed collagen",Structural protein / joint-health nutraceutical,science_research.xlsx (internal evidence file - needs_citation)
Collagen Type II,“multi-type” collagens without Type II specification,Reject,"Undenatured Type II works via oral immune tolerance, requiring much lower doses than hydrolysed collagen",Structural protein / joint-health nutraceutical,science_research.xlsx (internal evidence file - needs_citation)
Green Lipped Mussel,"Stabilised lipid extract of green-lipped mussel with preserved omega-3 fatty acids (ETA, EPA) and antioxidant protection",Superior,Stabilised lipid extracts retain bioactive omega-3s and reduce oxidation-related potency loss,Marine lipid extract / omega-3–rich joint-health nutraceutical,science_research.xlsx (internal evidence file - needs_citation)
Green Lipped Mussel,Freeze-dried whole mussel powder with declared origin and lipid content,Acceptable,Stabilised lipid extracts retain bioactive omega-3s and reduce oxidation-related potency loss,Marine lipid extract / omega-3–rich joint-health nutraceutical,science_research.xlsx (internal evidence file - needs_citation)
Green Lipped Mussel,Non-stabilised powders,Reject,Stabilised lipid extracts retain bioactive omega-3s and reduce oxidation-related potency loss,Marine lipid extract / omega-3–rich joint-health nutraceutical,science_research.xlsx (internal evidence file - needs_citation)
Green Lipped Mussel,"products without lipid standardisation, leading to oxidation",Reject,Stabilised lipid extracts retain bioactive omega-3s and reduce oxidation-related potency loss,Marine lipid extract / omega-3–rich joint-health nutraceutical,science_research.xlsx (internal evidence file - needs_citation)
Grapefruit Seed Extract,"Authentic GSE verified to contain natural citrus bioflavonoids (e.g., naringin) without synthetic preservatives",Superior,"Verified, unadulterated GSE avoids exposure to undeclared synthetic disinfectants and ensures label honesty",Botanical extract / citrus polyphenol–based supplement,science_research.xlsx (internal evidence file - needs_citation)
Grapefruit Seed Extract,GSE products with full compositional disclosure and independent lab verification of natural constituents,Acceptable,"Verified, unadulterated GSE avoids exposure to undeclared synthetic disinfectants and ensures label honesty",Botanical extract / citrus polyphenol–based supplement,science_research.xlsx (internal evidence file - needs_citation)
Grapefruit Seed Extract,"Products adulterated with synthetic antimicrobials (e.g., benzethonium chloride, triclosan, parabens) falsely marketed as GSE",Reject,"Verified, unadulterated GSE avoids exposure to undeclared synthetic disinfectants and ensures label honesty",Botanical extract / citrus polyphenol–based supplement,science_research.xlsx (internal evidence file - needs_citation)
